PERIOD_DATE,FIELD_PRODUCTION_MBBL,REFINERY_NET_INPUT_MBBL,PRODUCT_SUPPLIED_MBBL,ENDING_STOCKS_MBBL,STOCK_CHANGE_MBBL,SUPPLY_ADJUSTMENT_MBBL,TRANSFERS_TO_CRUDE_SUPPLY_MBBL
1920-01-01,34008.0000,,,132124.0000,,,
1920-02-01,33193.0000,,,131099.0000,,,
1920-03-01,36171.0000,,,130099.0000,,,
1920-04-01,34945.0000,,,129108.0000,,,
1920-05-01,36622.0000,,,128618.0000,,,
1920-06-01,36663.0000,,,128526.0000,,,
1920-07-01,37746.0000,,,131229.0000,,,
1920-08-01,38906.0000,,,132112.0000,,,
1920-09-01,37521.0000,,,134272.0000,,,
1920-10-01,39584.0000,,,134360.0000,,,
1920-11-01,38609.0000,,,136285.0000,,,
1920-12-01,38961.0000,,,136213.0000,,,
1921-01-01,38138.0000,,,125589.0000,,,
1921-02-01,35524.0000,,,132222.0000,,,
1921-03-01,41105.0000,,,139499.0000,,,
1921-04-01,40233.0000,,,146399.0000,,,
1921-05-01,42189.0000,,,155267.0000,,,
1921-06-01,40548.0000,,,162463.0000,,,
1921-07-01,40461.0000,,,168821.0000,,,
1921-08-01,41109.0000,,,169682.0000,,,
1921-09-01,36763.0000,,,172874.0000,,,
1921-10-01,35832.0000,,,174149.0000,,,
1921-11-01,38108.0000,,,178260.0000,,,
1921-12-01,42173.0000,,,185623.0000,,,
1922-01-01,43696.0000,,,196228.0000,,,
1922-02-01,41314.0000,,,208851.0000,,,
1922-03-01,47188.0000,,,221588.0000,,,
1922-04-01,45167.0000,,,235962.0000,,,
1922-05-01,47002.0000,,,247093.0000,,,
1922-06-01,46087.0000,,,255817.0000,,,
1922-07-01,47134.0000,,,261395.0000,,,
1922-08-01,47059.0000,,,262707.0000,,,
1922-09-01,45805.0000,,,263761.0000,,,
1922-10-01,48410.0000,,,265073.0000,,,
1922-11-01,48027.0000,,,265017.0000,,,
1922-12-01,50642.0000,,,264578.0000,,,
1923-01-01,52527.0000,,,258197.0000,,,
1923-02-01,48588.0000,,,260717.0000,,,
1923-03-01,56969.0000,,,264899.0000,,,
1923-04-01,59008.0000,,,270155.0000,,,
1923-05-01,62377.0000,,,279272.0000,,,
1923-06-01,62845.0000,,,290252.0000,,,
1923-07-01,65925.0000,,,299368.0000,,,
1923-08-01,66422.0000,,,307100.0000,,,
1923-09-01,65306.0000,,,314493.0000,,,
1923-10-01,67506.0000,,,323789.0000,,,
1923-11-01,65388.0000,,,332887.0000,,,
1923-12-01,59546.0000,,,334774.0000,,,
1924-01-01,57273.0000,,,375415.0000,,,
1924-02-01,55889.0000,,,378774.0000,,,
1924-03-01,60141.0000,,,352220.0000,,,
1924-04-01,59830.0000,,,387998.0000,,,
1924-05-01,61834.0000,,,393151.0000,,,
1924-06-01,59583.0000,,,397039.0000,,,
1924-07-01,61932.0000,,,401344.0000,,,
1924-08-01,62398.0000,,,407797.0000,,,
1924-09-01,60376.0000,,,411524.0000,,,
1924-10-01,60469.0000,,,409030.0000,,,
1924-11-01,56782.0000,,,406450.0000,,,
1924-12-01,57433.0000,,,399792.0000,,,
1925-01-01,53802.0000,,,419364.0000,,,
1925-02-01,48571.0000,,,420311.0000,,,
1925-03-01,53597.0000,,,420636.0000,,,
1925-04-01,51914.0000,,,423656.0000,,,
1925-05-01,53367.0000,,,430075.0000,,,
1925-06-01,51915.0000,,,431067.0000,,,
1925-07-01,52138.0000,,,431938.0000,,,
1925-08-01,52198.0000,,,431202.0000,,,
1925-09-01,51559.0000,,,433408.0000,,,
1925-10-01,51769.0000,,,433342.0000,,,
1925-11-01,49921.0000,,,433468.0000,,,
1925-12-01,49622.0000,,,431646.0000,,,
1926-01-01,59981.0000,,,422439.0000,,,
1926-02-01,54892.0000,,,420531.0000,,,
1926-03-01,60880.0000,,,420630.0000,,,
1926-04-01,60371.0000,,,410700.0000,,,
1926-05-01,62822.0000,,,409562.0000,,,
1926-06-01,61789.0000,,,403885.0000,,,
1926-07-01,65168.0000,,,400312.0000,,,
1926-08-01,67009.0000,,,397880.0000,,,
1926-09-01,65782.0000,,,395835.0000,,,
1926-10-01,69664.0000,,,395366.0000,,,
1926-11-01,69891.0000,,,394640.0000,,,
1926-12-01,72625.0000,,,403338.0000,,,
1927-01-01,71758.0000,,,405296.0000,,,
1927-02-01,68122.0000,,,410837.0000,,,
1927-03-01,75514.0000,,,415814.0000,,,
1927-04-01,73132.0000,,,423856.0000,,,
1927-05-01,76845.0000,,,431590.0000,,,
1927-06-01,75303.0000,,,440438.0000,,,
1927-07-01,78780.0000,,,448919.0000,,,
1927-08-01,78788.0000,,,456501.0000,,,
1927-09-01,75909.0000,,,462931.0000,,,
1927-10-01,77534.0000,,,466839.0000,,,
1927-11-01,74493.0000,,,472896.0000,,,
1927-12-01,74951.0000,,,473379.0000,,,
1928-01-01,72793.0000,,,481712.0000,,,
1928-02-01,68565.0000,,,486199.0000,,,
1928-03-01,74528.0000,,,490818.0000,,,
1928-04-01,72393.0000,,,492419.0000,,,
1928-05-01,75277.0000,,,492473.0000,,,
1928-06-01,72676.0000,,,491938.0000,,,
1928-07-01,75584.0000,,,490298.0000,,,
1928-08-01,77807.0000,,,488934.0000,,,
1928-09-01,76484.0000,,,486930.0000,,,
1928-10-01,79751.0000,,,488349.0000,,,
1928-11-01,76123.0000,,,488193.0000,,,
1928-12-01,79493.0000,,,491847.0000,,,
1929-01-01,82054.0000,,,497525.0000,,,
1929-02-01,75456.0000,,,505920.0000,,,
1929-03-01,82463.0000,,,512989.0000,,,
1929-04-01,80412.0000,,,516161.0000,,,
1929-05-01,84499.0000,,,518980.0000,,,
1929-06-01,83407.0000,,,523104.0000,,,
1929-07-01,91309.0000,,,529983.0000,,,
1929-08-01,92165.0000,,,538982.0000,,,
1929-09-01,87453.0000,,,543557.0000,,,
1929-10-01,88430.0000,,,545186.0000,,,
1929-11-01,78758.0000,,,539837.0000,,,
1929-12-01,80917.0000,,,535514.0000,,,
1930-01-01,79633.0000,,,534938.0000,,,
1930-02-01,74290.0000,,,539210.0000,,,
1930-03-01,78226.0000,,,538229.0000,,,
1930-04-01,77483.0000,,,535850.0000,,,
1930-05-01,80528.0000,,,533733.0000,,,
1930-06-01,77060.0000,,,531135.0000,,,
1930-07-01,76922.0000,,,530725.0000,,,
1930-08-01,74831.0000,,,526785.0000,,,
1930-09-01,71216.0000,,,520900.0000,,,
1930-10-01,72893.0000,,,518736.0000,,,
1930-11-01,67957.0000,,,517021.0000,,,
1930-12-01,66972.0000,,,411882.0000,,,
1931-01-01,65737.0000,,,409227.0000,,,
1931-02-01,60540.0000,,,405199.0000,,,
1931-03-01,69429.0000,,,401515.0000,,,
1931-04-01,72860.0000,,,400439.0000,,,
1931-05-01,76822.0000,,,398972.0000,,,
1931-06-01,75011.0000,,,397304.0000,,,
1931-07-01,78210.0000,,,395195.0000,,,
1931-08-01,68014.0000,,,381356.0000,,,
1931-09-01,64378.0000,,,370822.0000,,,
1931-10-01,73297.0000,,,367171.0000,,,
1931-11-01,73456.0000,,,368585.0000,,,
1931-12-01,73327.0000,,,370919.0000,,,
1932-01-01,67014.0000,,,368302.0000,,,
1932-02-01,62512.0000,,,368353.0000,,,
1932-03-01,67456.0000,,,371050.0000,,,
1932-04-01,67915.0000,,,370981.0000,,,
1932-05-01,68854.0000,,,369072.0000,,,
1932-06-01,65144.0000,,,363696.0000,,,
1932-07-01,66655.0000,,,358308.0000,,,
1932-08-01,66568.0000,,,354846.0000,,,
1932-09-01,65518.0000,,,354104.0000,,,
1932-10-01,65598.0000,,,351893.0000,,,
1932-11-01,63630.0000,,,348432.0000,,,
1932-12-01,58295.0000,,,339715.0000,,,
1933-01-01,65159.0000,,,337483.0000,,,
1933-02-01,61252.0000,,,337107.0000,,,
1933-03-01,75185.0000,,,344253.0000,,,
1933-04-01,65709.0000,,,339140.0000,,,
1933-05-01,86638.0000,,,348103.0000,,,
1933-06-01,84386.0000,,,352756.0000,,,
1933-07-01,85321.0000,,,355263.0000,,,
1933-08-01,85485.0000,,,359945.0000,,,
1933-09-01,78321.0000,,,359904.0000,,,
1933-10-01,76077.0000,,,356849.0000,,,
1933-11-01,69966.0000,,,355199.0000,,,
1933-12-01,72157.0000,,,355312.0000,,,
1934-01-01,72017.0000,,,353642.0000,,,
1934-02-01,65383.0000,,,351641.0000,,,
1934-03-01,75426.0000,,,354067.0000,,,
1934-04-01,75645.0000,,,354350.0000,,,
1934-05-01,79966.0000,,,355883.0000,,,
1934-06-01,79636.0000,,,357451.0000,,,
1934-07-01,81339.0000,,,355525.0000,,,
1934-08-01,79105.0000,,,351092.0000,,,
1934-09-01,75759.0000,,,349407.0000,,,
1934-10-01,76593.0000,,,346800.0000,,,
1934-11-01,72399.0000,,,341403.0000,,,
1934-12-01,74797.0000,,,337254.0000,,,
1935-01-01,78715.0000,,,338199.0000,,,
1935-02-01,72763.0000,,,337349.0000,,,
1935-03-01,81488.0000,,,339179.0000,,,
1935-04-01,78427.0000,,,339823.0000,,,
1935-05-01,82454.0000,,,338619.0000,,,
1935-06-01,82338.0000,,,334841.0000,,,
1935-07-01,85485.0000,,,329459.0000,,,
1935-08-01,84816.0000,,,325106.0000,,,
1935-09-01,84109.0000,,,320880.0000,,,
1935-10-01,88160.0000,,,317955.0000,,,
1935-11-01,86476.0000,,,315779.0000,,,
1935-12-01,88711.0000,,,314855.0000,,,
1936-01-01,88820.0000,,,313081.0000,,,
1936-02-01,82120.0000,,,310812.0000,,,
1936-03-01,90568.0000,,,313189.0000,,,
1936-04-01,90479.0000,,,315389.0000,,,
1936-05-01,93739.0000,,,315169.0000,,,
1936-06-01,90185.0000,,,311046.0000,,,
1936-07-01,92075.0000,,,306390.0000,,,
1936-08-01,95090.0000,,,301757.0000,,,
1936-09-01,90972.0000,,,295693.0000,,,
1936-10-01,95795.0000,,,292271.0000,,,
1936-11-01,91018.0000,,,288998.0000,,,
1936-12-01,97652.0000,,,288579.0000,,,
1937-01-01,98567.0000,,,287159.0000,,,
1937-02-01,93173.0000,,,290372.0000,,,
1937-03-01,106724.0000,,,297896.0000,,,
1937-04-01,104979.0000,,,304706.0000,,,
1937-05-01,110911.0000,,,308719.0000,,,
1937-06-01,105812.0000,,,309313.0000,,,
1937-07-01,110721.0000,,,309231.0000,,,
1937-08-01,115090.0000,,,311440.0000,,,
1937-09-01,109980.0000,,,310271.0000,,,
1937-10-01,110911.0000,,,309165.0000,,,
1937-11-01,104206.0000,,,306457.0000,,,
1937-12-01,106579.0000,,,306826.0000,,,
1938-01-01,106007.0000,,,321963.0000,,,
1938-02-01,94662.0000,,,322639.0000,,,
1938-03-01,106524.0000,,,326194.0000,,,
1938-04-01,102702.0000,,,324886.0000,,,
1938-05-01,98674.0000,,,317021.0000,,,
1938-06-01,94277.0000,,,310729.0000,,,
1938-07-01,102898.0000,,,306970.0000,,,
1938-08-01,106165.0000,,,303845.0000,,,
1938-09-01,98661.0000,,,300291.0000,,,
1938-10-01,101830.0000,,,294565.0000,,,
1938-11-01,98567.0000,,,290535.0000,,,
1938-12-01,102287.0000,,,291425.0000,,,
1939-01-01,102490.0000,,,288702.0000,,,
1939-02-01,93475.0000,,,289776.0000,,,
1939-03-01,106768.0000,,,292169.0000,,,
1939-04-01,105510.0000,,,293763.0000,,,
1939-05-01,110541.0000,,,292579.0000,,,
1939-06-01,104607.0000,,,287521.0000,,,
1939-07-01,110937.0000,,,284945.0000,,,
1939-08-01,80865.0000,,,252732.0000,,,
1939-09-01,108168.0000,,,248640.0000,,,
1939-10-01,114198.0000,,,244924.0000,,,
1939-11-01,111887.0000,,,247691.0000,,,
1939-12-01,114810.0000,,,238910.0000,,,
1940-01-01,117227.0000,,,245762.0000,,,
1940-02-01,108399.0000,,,248004.0000,,,
1940-03-01,121560.0000,,,253118.0000,,,
1940-04-01,119000.0000,,,253143.0000,,,
1940-05-01,123854.0000,,,254163.0000,,,
1940-06-01,119302.0000,,,251200.0000,,,
1940-07-01,127493.0000,,,250097.0000,,,
1940-08-01,130633.0000,,,247629.0000,,,
1940-09-01,130407.0000,,,245727.0000,,,
1940-10-01,136503.0000,,,248702.0000,,,
1940-11-01,133646.0000,,,251449.0000,,,
1940-12-01,135152.0000,,,276615.0000,,,
1941-01-01,110647.0000,,,251795.0000,,,
1941-02-01,100791.0000,,,276318.0000,,,
1941-03-01,112817.0000,,,278156.0000,,,
1941-04-01,111080.0000,,,277814.0000,,,
1941-05-01,116976.0000,,,273352.0000,,,
1941-06-01,115027.0000,,,269786.0000,,,
1941-07-01,118251.0000,,,266263.0000,,,
1941-08-01,121354.0000,,,260562.0000,,,
1941-09-01,119446.0000,,,256432.0000,,,
1941-10-01,126145.0000,,,253604.0000,,,
1941-11-01,123355.0000,,,253882.0000,,,
1941-12-01,128293.0000,,,257678.0000,,,
1942-01-01,128262.0000,,,264074.0000,,,
1942-02-01,113961.0000,,,272073.0000,,,
1942-03-01,114473.0000,,,273569.0000,,,
1942-04-01,105053.0000,,,269195.0000,,,
1942-05-01,110192.0000,,,265745.0000,,,
1942-06-01,108595.0000,,,262313.0000,,,
1942-07-01,111782.0000,,,255976.0000,,,
1942-08-01,120429.0000,,,254831.0000,,,
1942-09-01,115801.0000,,,250210.0000,,,
1942-10-01,120311.0000,,,248229.0000,,,
1942-11-01,116101.0000,,,244824.0000,,,
1942-12-01,120519.0000,,,245754.0000,,,
1943-01-01,117372.0000,,,245762.0000,,,
1943-02-01,108487.0000,,,248004.0000,,,
1943-03-01,121648.0000,,,253118.0000,,,
1943-04-01,119100.0000,,,253143.0000,,,
1943-05-01,123957.0000,,,254089.0000,,,
1943-06-01,120111.0000,,,251200.0000,,,
1943-07-01,127629.0000,,,250103.0000,,,
1943-08-01,130796.0000,,,247629.0000,,,
1943-09-01,130564.0000,,,245727.0000,,,
1943-10-01,136837.0000,,,248702.0000,,,
1943-11-01,133824.0000,,,251449.0000,,,
1943-12-01,135288.0000,,,249404.0000,,,
1944-01-01,135682.0000,,,248097.0000,,,
1944-02-01,128842.0000,,,248271.0000,,,
1944-03-01,136814.0000,,,242773.0000,,,
1944-04-01,133588.0000,,,241167.0000,,,
1944-05-01,141189.0000,,,241430.0000,,,
1944-06-01,137263.0000,,,235749.0000,,,
1944-07-01,141438.0000,,,229689.0000,,,
1944-08-01,145407.0000,,,230192.0000,,,
1944-09-01,142985.0000,,,229337.0000,,,
1944-10-01,146911.0000,,,229987.0000,,,
1944-11-01,142463.0000,,,229241.0000,,,
1944-12-01,145322.0000,,,226770.0000,,,
1945-01-01,147446.0000,,,221737.0000,,,
1945-02-01,133463.0000,,,220221.0000,,,
1945-03-01,148935.0000,,,223988.0000,,,
1945-04-01,144219.0000,,,224229.0000,,,
1945-05-01,151180.0000,,,223151.0000,,,
1945-06-01,145783.0000,,,218218.0000,,,
1945-07-01,151803.0000,,,216638.0000,,,
1945-08-01,151198.0000,,,215135.0000,,,
1945-09-01,132690.0000,,,220319.0000,,,
1945-10-01,132800.0000,,,221246.0000,,,
1945-11-01,135511.0000,,,218916.0000,,,
1945-12-01,138627.0000,,,218763.0000,,,
1946-01-01,143368.0000,,,223442.0000,,,
1946-02-01,132129.0000,,,227220.0000,,,
1946-03-01,136835.0000,,,221400.0000,,,
1946-04-01,140196.0000,,,222480.0000,,,
1946-05-01,148334.0000,,,221592.0000,,,
1946-06-01,146890.0000,,,223140.0000,,,
1946-07-01,152586.0000,,,224351.0000,,,
1946-08-01,149910.0000,,,224157.0000,,,
1946-09-01,143708.0000,,,222417.0000,,,
1946-10-01,148323.0000,,,222177.0000,,,
1946-11-01,144674.0000,,,226453.0000,,,
1946-12-01,146471.0000,,,224473.0000,,,
1947-01-01,144823.0000,,,223848.0000,,,
1947-02-01,134696.0000,,,225121.0000,,,
1947-03-01,152178.0000,,,228981.0000,,,
1947-04-01,149410.0000,,,235710.0000,,,
1947-05-01,156055.0000,,,237768.0000,,,
1947-06-01,153058.0000,,,237278.0000,,,
1947-07-01,159366.0000,,,230974.0000,,,
1947-08-01,160448.0000,,,228523.0000,,,
1947-09-01,157665.0000,,,225258.0000,,,
1947-10-01,165032.0000,,,226666.0000,,,
1947-11-01,158701.0000,,,225462.0000,,,
1947-12-01,165555.0000,,,224929.0000,,,
1948-01-01,164098.0000,,,229842.0000,,,
1948-02-01,155577.0000,,,231419.0000,,,
1948-03-01,167868.0000,,,234164.0000,,,
1948-04-01,164726.0000,,,234506.0000,,,
1948-05-01,170705.0000,,,231318.0000,,,
1948-06-01,166448.0000,,,231412.0000,,,
1948-07-01,171369.0000,,,231955.0000,,,
1948-08-01,173015.0000,,,231954.0000,,,
1948-09-01,163244.0000,,,237302.0000,,,
1948-10-01,174972.0000,,,243972.0000,,,
1948-11-01,170777.0000,,,250243.0000,,,
1948-12-01,177386.0000,,,256254.0000,,,
1949-01-01,167016.0000,,,258648.0000,,,
1949-02-01,150682.0000,,,265216.0000,,,
1949-03-01,162399.0000,,,269341.0000,,,
1949-04-01,150343.0000,,,272520.0000,,,
1949-05-01,154250.0000,,,273912.0000,,,
1949-06-01,147283.0000,,,274691.0000,,,
1949-07-01,145530.0000,,,267586.0000,,,
1949-08-01,148356.0000,,,260585.0000,,,
1949-09-01,148286.0000,,,251689.0000,,,
1949-10-01,155469.0000,,,250809.0000,,,
1949-11-01,156496.0000,,,256010.0000,,,
1949-12-01,155830.0000,,,253356.0000,,,
1950-01-01,152935.0000,,,246610.0000,,,
1950-02-01,139127.0000,,,243750.0000,,,
1950-03-01,151301.0000,,,241230.0000,,,
1950-04-01,149147.0000,,,244605.0000,,,
1950-05-01,159558.0000,,,239877.0000,,,
1950-06-01,161305.0000,,,242287.0000,,,
1950-07-01,170058.0000,,,240270.0000,,,
1950-08-01,176192.0000,,,237393.0000,,,
1950-09-01,176698.0000,,,242311.0000,,,
1950-10-01,183011.0000,,,246424.0000,,,
1950-11-01,176782.0000,,,249525.0000,,,
1950-12-01,177460.0000,,,248463.0000,,,
1951-01-01,183437.0000,,,243107.0000,,,
1951-02-01,166163.0000,,,235247.0000,,,
1951-03-01,187774.0000,,,233824.0000,,,
1951-04-01,183860.0000,,,243180.0000,,,
1951-05-01,191601.0000,,,248418.0000,,,
1951-06-01,184064.0000,,,248170.0000,,,
1951-07-01,190626.0000,,,250847.0000,,,
1951-08-01,193537.0000,,,254276.0000,,,
1951-09-01,188016.0000,,,254900.0000,,,
1951-10-01,198163.0000,,,262266.0000,,,
1951-11-01,188499.0000,,,261100.0000,,,
1951-12-01,191971.0000,,,255783.0000,,,
1952-01-01,192848.0000,,,254007.0000,,,
1952-02-01,184818.0000,,,255900.0000,,,
1952-03-01,197121.0000,,,259126.0000,,,
1952-04-01,192936.0000,,,270679.0000,,,
1952-05-01,157748.0000,,,290813.0000,,,
1952-06-01,185692.0000,,,285964.0000,,,
1952-07-01,188985.0000,,,275951.0000,,,
1952-08-01,192768.0000,,,264368.0000,,,
1952-09-01,195603.0000,,,264723.0000,,,
1952-10-01,201581.0000,,,269776.0000,,,
1952-11-01,193832.0000,,,267852.0000,,,
1952-12-01,205904.0000,,,271928.0000,,,
1953-01-01,203211.0000,,,272250.0000,,,
1953-02-01,183183.0000,,,273589.0000,,,
1953-03-01,202024.0000,,,275665.0000,,,
1953-04-01,191953.0000,,,278943.0000,,,
1953-05-01,198117.0000,,,278575.0000,,,
1953-06-01,197630.0000,,,281744.0000,,,
1953-07-01,204711.0000,,,282915.0000,,,
1953-08-01,204490.0000,,,283666.0000,,,
1953-09-01,196571.0000,,,287694.0000,,,
1953-10-01,193726.0000,,,285490.0000,,,
1953-11-01,188116.0000,,,280817.0000,,,
1953-12-01,193350.0000,,,274445.0000,,,
1954-01-01,193437.0000,,,268531.0000,,,
1954-02-01,178644.0000,,,264629.0000,,,
1954-03-01,201763.0000,,,269620.0000,,,
1954-04-01,198502.0000,,,278055.0000,,,
1954-05-01,200627.0000,,,280050.0000,,,
1954-06-01,194974.0000,,,282888.0000,,,
1954-07-01,194098.0000,,,282665.0000,,,
1954-08-01,190388.0000,,,277929.0000,,,
1954-09-01,184325.0000,,,272502.0000,,,
1954-10-01,189724.0000,,,267346.0000,,,
1954-11-01,190372.0000,,,264566.0000,,,
1954-12-01,198134.0000,,,258385.0000,,,
1955-01-01,209601.0000,,,260156.0000,,,
1955-02-01,191342.0000,,,258630.0000,,,
1955-03-01,213453.0000,,,264430.0000,,,
1955-04-01,206668.0000,,,275232.0000,,,
1955-05-01,207067.0000,,,276948.0000,,,
1955-06-01,197844.0000,,,270850.0000,,,
1955-07-01,205614.0000,,,264601.0000,,,
1955-08-01,206619.0000,,,256427.0000,,,
1955-09-01,202037.0000,,,256269.0000,,,
1955-10-01,211866.0000,,,259201.0000,,,
1955-11-01,210454.0000,,,260707.0000,,,
1955-12-01,221863.0000,,,265610.0000,,,
1956-01-01,223125.0000,,,261592.0000,,,
1956-02-01,209078.0000,,,259504.0000,,,
1956-03-01,225645.0000,,,265683.0000,,,
1956-04-01,214412.0000,,,277121.0000,,,
1956-05-01,218942.0000,,,277497.0000,,,
1956-06-01,213010.0000,,,274491.0000,,,
1956-07-01,219770.0000,,,277008.0000,,,
1956-08-01,223035.0000,,,279944.0000,,,
1956-09-01,211585.0000,,,278791.0000,,,
1956-10-01,215570.0000,,,286560.0000,,,
1956-11-01,214438.0000,,,275995.0000,,,
1956-12-01,228673.0000,,,266014.0000,,,
1957-01-01,231631.0000,,,256244.0000,,,
1957-02-01,214967.0000,,,256344.0000,,,
1957-03-01,238490.0000,,,254911.0000,,,
1957-04-01,226392.0000,,,265796.0000,,,
1957-05-01,230466.0000,,,275963.0000,,,
1957-06-01,213302.0000,,,284312.0000,,,
1957-07-01,212781.0000,,,288241.0000,,,
1957-08-01,210150.0000,,,283388.0000,,,
1957-09-01,206777.0000,,,280469.0000,,,
1957-10-01,212055.0000,,,284517.0000,,,
1957-11-01,205249.0000,,,281769.0000,,,
1957-12-01,214641.0000,,,281813.0000,,,
1958-01-01,213280.0000,,,284539.0000,,,
1958-02-01,190947.0000,,,285048.0000,,,
1958-03-01,194580.0000,,,278534.0000,,,
1958-04-01,189014.0000,,,273959.0000,,,
1958-05-01,193205.0000,,,263105.0000,,,
1958-06-01,190172.0000,,,253550.0000,,,
1958-07-01,203701.0000,,,246556.0000,,,
1958-08-01,215030.0000,,,244810.0000,,,
1958-09-01,212642.0000,,,251701.0000,,,
1958-10-01,215887.0000,,,255345.0000,,,
1958-11-01,209252.0000,,,257456.0000,,,
1958-12-01,221277.0000,,,262730.0000,,,
1959-01-01,223926.0000,,,258108.0000,,,
1959-02-01,201435.0000,,,260040.0000,,,
1959-03-01,222839.0000,,,254940.0000,,,
1959-04-01,217685.0000,,,257564.0000,,,
1959-05-01,223806.0000,,,264525.0000,,,
1959-06-01,212489.0000,,,272505.0000,,,
1959-07-01,210311.0000,,,264994.0000,,,
1959-08-01,209733.0000,,,253091.0000,,,
1959-09-01,205700.0000,,,250996.0000,,,
1959-10-01,214248.0000,,,257487.0000,,,
1959-11-01,209449.0000,,,255953.0000,,,
1959-12-01,222969.0000,,,257129.0000,,,
1960-01-01,224140.0000,,,252206.0000,,,
1960-02-01,209986.0000,,,257028.0000,,,
1960-03-01,220977.0000,,,260923.0000,,,
1960-04-01,211132.0000,,,266178.0000,,,
1960-05-01,212296.0000,,,261312.0000,,,
1960-06-01,208161.0000,,,257301.0000,,,
1960-07-01,212645.0000,,,242745.0000,,,
1960-08-01,215145.0000,,,234091.0000,,,
1960-09-01,209119.0000,,,231966.0000,,,
1960-10-01,215687.0000,,,232990.0000,,,
1960-11-01,213992.0000,,,239528.0000,,,
1960-12-01,221653.0000,,,239800.0000,,,
1961-01-01,223497.0000,8366.0000,,244664.0000,,,
1961-02-01,204274.0000,8456.0000,,242444.0000,,,
1961-03-01,231596.0000,8096.0000,,240166.0000,,,
1961-04-01,219846.0000,7819.0000,,245632.0000,,,
1961-05-01,221553.0000,8031.0000,,255859.0000,,,
1961-06-01,213084.0000,7986.0000,,255676.0000,,,
1961-07-01,215699.0000,8289.0000,,247740.0000,,,
1961-08-01,220218.0000,8455.0000,,242418.0000,,,
1961-09-01,209848.0000,7976.0000,,243588.0000,,,
1961-10-01,220942.0000,8179.0000,,244226.0000,,,
1961-11-01,214566.0000,8205.0000,,251719.0000,,,
1961-12-01,226635.0000,8352.0000,,244664.0000,,,
1962-01-01,227756.0000,8556.0000,,242444.0000,,,
1962-02-01,209072.0000,8642.0000,,240166.0000,,,
1962-03-01,228661.0000,8193.0000,,245632.0000,,,
1962-04-01,221737.0000,8099.0000,,255859.0000,,,
1962-05-01,222969.0000,8267.0000,,255676.0000,,,
1962-06-01,217712.0000,8626.0000,,247740.0000,,,
1962-07-01,224018.0000,8530.0000,,242418.0000,,,
1962-08-01,224240.0000,8469.0000,,243588.0000,,,
1962-09-01,219589.0000,8422.0000,,244226.0000,,,
1962-10-01,228380.0000,8260.0000,,251719.0000,,,
1962-11-01,223231.0000,8368.0000,,256284.0000,,,
1962-12-01,228824.0000,8505.0000,,252011.0000,,,
1963-01-01,226420.0000,8692.0000,,249209.0000,,,
1963-02-01,212437.0000,8979.0000,,240396.0000,,,
1963-03-01,234289.0000,8677.0000,,241029.0000,,,
1963-04-01,228270.0000,8324.0000,,251391.0000,,,
1963-05-01,234499.0000,8514.0000,,255666.0000,,,
1963-06-01,226853.0000,8786.0000,,250036.0000,,,
1963-07-01,235144.0000,8796.0000,,249962.0000,,,
1963-08-01,236830.0000,8824.0000,,249077.0000,,,
1963-09-01,225207.0000,8674.0000,,248261.0000,,,
1963-10-01,233610.0000,8609.0000,,245539.0000,,,
1963-11-01,226321.0000,8700.0000,,244387.0000,,,
1963-12-01,232843.0000,8686.0000,,237361.0000,,,
1964-01-01,236337.0000,8761.0000,,241007.0000,,,
1964-02-01,222947.0000,8803.0000,,240062.0000,,,
1964-03-01,239068.0000,8657.0000,,246863.0000,,,
1964-04-01,232185.0000,8581.0000,,253912.0000,,,
1964-05-01,234742.0000,8596.0000,,257322.0000,,,
1964-06-01,226808.0000,8883.0000,,251230.0000,,,
1964-07-01,231648.0000,9020.0000,,246333.0000,,,
1964-08-01,230926.0000,9009.0000,,237912.0000,,,
1964-09-01,225965.0000,8905.0000,,232780.0000,,,
1964-10-01,236304.0000,8786.0000,,235233.0000,,,
1964-11-01,229029.0000,8697.0000,,236809.0000,,,
1964-12-01,240863.0000,8979.0000,,230057.0000,,,
1965-01-01,240946.0000,8938.0000,,230165.0000,,,
1965-02-01,218612.0000,8940.0000,,230268.0000,,,
1965-03-01,243763.0000,8878.0000,,239563.0000,,,
1965-04-01,236844.0000,8744.0000,,251375.0000,,,
1965-05-01,238253.0000,8804.0000,,255071.0000,,,
1965-06-01,232440.0000,9104.0000,,253586.0000,,,
1965-07-01,237606.0000,9312.0000,,242101.0000,,,
1965-08-01,240180.0000,9228.0000,,236381.0000,,,
1965-09-01,222529.0000,9008.0000,,231100.0000,,,
1965-10-01,244122.0000,9087.0000,,231816.0000,,,
1965-11-01,239635.0000,9201.0000,,226697.0000,,,
1965-12-01,253584.0000,9264.0000,,220289.0000,,,
1966-01-01,249459.0000,9375.0000,,220302.0000,,,
1966-02-01,230733.0000,9344.0000,,223422.0000,,,
1966-03-01,257107.0000,9202.0000,,233224.0000,,,
1966-04-01,248155.0000,9057.0000,,245232.0000,,,
1966-05-01,258677.0000,9359.0000,,250418.0000,,,
1966-06-01,250391.0000,9519.0000,,253388.0000,,,
1966-07-01,255121.0000,9670.0000,,246877.0000,,,
1966-08-01,255812.0000,9610.0000,,245347.0000,,,
1966-09-01,247632.0000,9669.0000,,238198.0000,,,
1966-10-01,258008.0000,9528.0000,,236092.0000,,,
1966-11-01,252825.0000,9363.0000,,241692.0000,,,
1966-12-01,263843.0000,9621.0000,,238391.0000,,,
1967-01-01,265577.0000,9477.0000,,250646.0000,,,
1967-02-01,241366.0000,9585.0000,,252388.0000,,,
1967-03-01,264854.0000,9550.0000,,258106.0000,,,
1967-04-01,254252.0000,9429.0000,,266755.0000,,,
1967-05-01,259923.0000,9584.0000,,268845.0000,,,
1967-06-01,256174.0000,9819.0000,,261615.0000,,,
1967-07-01,283776.0000,10001.0000,,256242.0000,,,
1967-08-01,292495.0000,9992.0000,,261566.0000,,,
1967-09-01,272845.0000,10065.0000,,257286.0000,,,
1967-10-01,278997.0000,10030.0000,,255114.0000,,,
1967-11-01,269348.0000,9969.0000,,254185.0000,,,
1967-12-01,276135.0000,10261.0000,,248970.0000,,,
1968-01-01,279868.0000,10093.0000,,244946.0000,,,
1968-02-01,270425.0000,10242.0000,,245271.0000,,,
1968-03-01,288882.0000,10089.0000,,256864.0000,,,
1968-04-01,273690.0000,9984.0000,,262087.0000,,,
1968-05-01,285355.0000,10454.0000,,262021.0000,,,
1968-06-01,274320.0000,10339.0000,,264896.0000,,,
1968-07-01,283836.0000,10585.0000,,265755.0000,,,
1968-08-01,283154.0000,10595.0000,,266368.0000,,,
1968-09-01,267960.0000,10412.0000,,262771.0000,,,
1968-10-01,276396.0000,10306.0000,,266330.0000,,,
1968-11-01,269070.0000,10159.0000,,271587.0000,,,
1968-12-01,276086.0000,10475.0000,,272193.0000,,,
1969-01-01,275528.0000,9801.0000,,279483.0000,,,
1969-02-01,249984.0000,10690.0000,,265298.0000,,,
1969-03-01,280705.0000,10507.0000,,264178.0000,,,
1969-04-01,277140.0000,10403.0000,,273204.0000,,,
1969-05-01,290036.0000,10521.0000,,281271.0000,,,
1969-06-01,288935.0000,10815.0000,,284544.0000,,,
1969-07-01,288145.0000,10937.0000,,277482.0000,,,
1969-08-01,281077.0000,10799.0000,,267721.0000,,,
1969-09-01,278850.0000,10809.0000,,262528.0000,,,
1969-10-01,285603.0000,10505.0000,,264285.0000,,,
1969-11-01,280380.0000,10721.0000,,264756.0000,,,
1969-12-01,295368.0000,11054.0000,,265227.0000,,,
1970-01-01,293818.0000,10868.0000,,267087.0000,,,
1970-02-01,267960.0000,10885.0000,,269628.0000,,,
1970-03-01,294748.0000,10835.0000,,274643.0000,,,
1970-04-01,287730.0000,10612.0000,,278037.0000,,,
1970-05-01,295213.0000,10451.0000,,284824.0000,,,
1970-06-01,280770.0000,10872.0000,,279894.0000,,,
1970-07-01,285274.0000,10822.0000,,266854.0000,,,
1970-08-01,296360.0000,11023.0000,,254144.0000,,,
1970-09-01,295590.0000,11010.0000,,259196.0000,,,
1970-10-01,310403.0000,10859.0000,,265479.0000,,,
1970-11-01,301320.0000,11021.0000,,271303.0000,,,
1970-12-01,308264.0000,11183.0000,,276367.0000,,,
1971-01-01,299305.0000,11127.0000,,269806.0000,,,
1971-02-01,272412.0000,11152.0000,,266864.0000,,,
1971-03-01,302808.0000,11132.0000,,267246.0000,,,
1971-04-01,293070.0000,11207.0000,,271445.0000,,,
1971-05-01,298995.0000,10735.0000,,284320.0000,,,
1971-06-01,288120.0000,11484.0000,,279337.0000,,,
1971-07-01,293121.0000,11452.0000,,273235.0000,,,
1971-08-01,291741.0000,11368.0000,,272417.0000,,,
1971-09-01,274050.0000,11134.0000,,269771.0000,,,
1971-10-01,284022.0000,11146.0000,,265899.0000,,,
1971-11-01,274170.0000,11119.0000,,265552.0000,,,
1971-12-01,282100.0000,11338.0000,,259648.0000,,,
1972-01-01,282534.0000,11388.0000,,251012.0000,,,
1972-02-01,270744.0000,11356.0000,,252945.0000,,,
1972-03-01,293322.0000,11345.0000,,258902.0000,,,
1972-04-01,285390.0000,11184.0000,,266636.0000,,,
1972-05-01,298034.0000,11478.0000,,279490.0000,,,
1972-06-01,285660.0000,11841.0000,,271381.0000,,,
1972-07-01,294376.0000,11885.0000,,265843.0000,,,
1972-08-01,293973.0000,11915.0000,,257976.0000,,,
1972-09-01,285240.0000,12112.0000,,250802.0000,,,
1972-10-01,293930.0000,11871.0000,,253748.0000,,,
1972-11-01,282780.0000,11851.0000,,251306.0000,,,
1972-12-01,289385.0000,12113.0000,,246395.0000,,,
1973-01-01,284454.0000,12190.0000,,237469.0000,-288.0000,20.0000,
1973-02-01,263066.0000,12187.0000,,235362.0000,-75.0000,-130.0000,
1973-03-01,287430.0000,12201.0000,,244131.0000,283.0000,76.0000,
1973-04-01,278757.0000,12208.0000,,248783.0000,155.0000,49.0000,
1973-05-01,287134.0000,12281.0000,,257867.0000,293.0000,127.0000,
1973-06-01,276418.0000,12862.0000,,248857.0000,-300.0000,168.0000,
1973-07-01,285731.0000,12750.0000,,243673.0000,-167.0000,-96.0000,
1973-08-01,284225.0000,12635.0000,,248314.0000,150.0000,66.0000,
1973-09-01,271959.0000,12560.0000,,241276.0000,-235.0000,-171.0000,
1973-10-01,285940.0000,12758.0000,,246297.0000,162.0000,-4.0000,
1973-11-01,274829.0000,12374.0000,,249998.0000,123.0000,-78.0000,
1973-12-01,280960.0000,12150.0000,,242478.0000,-243.0000,-11.0000,
1974-01-01,276950.0000,11491.0000,,233035.0000,-305.0000,-82.0000,
1974-02-01,255982.0000,11102.0000,,240723.0000,275.0000,26.0000,
1974-03-01,277927.0000,11355.0000,,244665.0000,127.0000,80.0000,
1974-04-01,268619.0000,11823.0000,,256385.0000,391.0000,20.0000,
1974-05-01,276228.0000,12333.0000,,269455.0000,422.0000,-30.0000,
1974-06-01,263407.0000,12697.0000,,268765.0000,-23.0000,-1.0000,
1974-07-01,272184.0000,12811.0000,,268686.0000,-3.0000,-36.0000,
1974-08-01,269665.0000,12644.0000,,264840.0000,-124.0000,-75.0000,
1974-09-01,253288.0000,12124.0000,,266726.0000,63.0000,-26.0000,
1974-10-01,266949.0000,12286.0000,,269437.0000,87.0000,-19.0000,
1974-11-01,257064.0000,12332.0000,,271144.0000,57.0000,-105.0000,
1974-12-01,264322.0000,12519.0000,,265020.0000,-198.0000,-47.0000,
1975-01-01,262104.0000,12297.0000,,270462.0000,176.0000,42.0000,
1975-02-01,240552.0000,12135.0000,,276755.0000,225.0000,2.0000,
1975-03-01,263297.0000,11905.0000,,279989.0000,104.0000,-104.0000,
1975-04-01,253698.0000,11803.0000,,281908.0000,64.0000,61.0000,
1975-05-01,259742.0000,11983.0000,,280961.0000,-31.0000,117.0000,
1975-06-01,252624.0000,12417.0000,,276132.0000,-161.0000,-40.0000,
1975-07-01,258408.0000,12915.0000,,264157.0000,-386.0000,34.0000,
1975-08-01,255712.0000,13046.0000,,256616.0000,-243.0000,1.0000,
1975-09-01,248389.0000,12945.0000,,259446.0000,94.0000,109.0000,
1975-10-01,258057.0000,12365.0000,,269584.0000,327.0000,9.0000,
1975-11-01,248336.0000,12689.0000,,270950.0000,46.0000,-131.0000,
1975-12-01,255860.0000,12779.0000,,271354.0000,13.0000,94.0000,
1976-01-01,255185.0000,12560.0000,,289296.0000,579.0000,346.0000,
1976-02-01,238705.0000,12834.0000,,277414.0000,-410.0000,18.0000,
1976-03-01,255198.0000,12877.0000,,283112.0000,184.0000,124.0000,
1976-04-01,242310.0000,12727.0000,,286628.0000,117.0000,10.0000,
1976-05-01,251860.0000,12920.0000,,283982.0000,-85.0000,73.0000,
1976-06-01,242833.0000,13799.0000,,281715.0000,-76.0000,35.0000,
1976-07-01,251942.0000,13901.0000,,282599.0000,29.0000,43.0000,
1976-08-01,251429.0000,13888.0000,,277272.0000,-172.0000,94.0000,
1976-09-01,244489.0000,13716.0000,,284357.0000,236.0000,-38.0000,
1976-10-01,249962.0000,13319.0000,,297683.0000,430.0000,49.0000,
1976-11-01,242388.0000,14101.0000,,298836.0000,38.0000,180.0000,
1976-12-01,249879.0000,14333.0000,,285471.0000,-431.0000,-16.0000,
1977-01-01,243478.0000,14130.0000,,294116.0000,279.0000,316.0000,
1977-02-01,227890.0000,14734.0000,,291462.0000,-95.0000,-69.0000,
1977-03-01,250778.0000,14263.0000,,299533.0000,260.0000,-203.0000,
1977-04-01,244347.0000,14177.0000,,318872.0000,645.0000,-97.0000,
1977-05-01,250317.0000,14593.0000,,328755.0000,319.0000,137.0000,
1977-06-01,243058.0000,14865.0000,,333746.0000,166.0000,-96.0000,
1977-07-01,251244.0000,14882.0000,,335313.0000,51.0000,-158.0000,
1977-08-01,257510.0000,14642.0000,,338865.0000,115.0000,122.0000,
1977-09-01,254392.0000,14924.0000,,334133.0000,-158.0000,-22.0000,
1977-10-01,265776.0000,14654.0000,,343195.0000,292.0000,-13.0000,
1977-11-01,257378.0000,14636.0000,,350281.0000,236.0000,47.0000,
1977-12-01,263097.0000,14748.0000,,347683.0000,-84.0000,-51.0000,
1978-01-01,259150.0000,14150.0000,,352477.0000,155.0000,-167.0000,
1978-02-01,234544.0000,13969.0000,,350166.0000,-83.0000,-215.0000,
1978-03-01,270324.0000,14148.0000,,363919.0000,444.0000,-201.0000,
1978-04-01,264526.0000,13886.0000,,365188.0000,42.0000,-394.0000,
1978-05-01,273583.0000,14996.0000,,354730.0000,-337.0000,260.0000,
1978-06-01,264974.0000,14693.0000,,363480.0000,292.0000,-90.0000,
1978-07-01,271442.0000,14911.0000,,368157.0000,151.0000,144.0000,
1978-08-01,271502.0000,15196.0000,,357834.0000,-333.0000,-118.0000,
1978-09-01,264010.0000,15085.0000,,368262.0000,348.0000,-140.0000,
1978-10-01,273420.0000,15005.0000,,378194.0000,320.0000,212.0000,
1978-11-01,262233.0000,15336.0000,,381357.0000,105.0000,118.0000,
1978-12-01,268508.0000,15421.0000,,376281.0000,-164.0000,-118.0000,
1979-01-01,262716.0000,14840.0000,,375201.0000,-35.0000,-387.0000,
1979-02-01,238710.0000,14314.0000,,380540.0000,191.0000,-223.0000,
1979-03-01,266635.0000,14260.0000,,399191.0000,602.0000,286.0000,
1979-04-01,256593.0000,14571.0000,,402942.0000,125.0000,221.0000,
1979-05-01,266631.0000,14450.0000,,403202.0000,8.0000,-203.0000,
1979-06-01,252949.0000,14806.0000,,414427.0000,374.0000,367.0000,
1979-07-01,259278.0000,15098.0000,,403047.0000,-367.0000,40.0000,
1979-08-01,264981.0000,14967.0000,,412154.0000,294.0000,179.0000,
1979-09-01,255693.0000,14594.0000,,415128.0000,99.0000,-53.0000,
1979-10-01,267256.0000,14423.0000,,436045.0000,675.0000,-209.0000,
1979-11-01,262818.0000,14537.0000,,438606.0000,85.0000,-74.0000,
1979-12-01,267050.0000,14877.0000,,430265.0000,-269.0000,-82.0000,
1980-01-01,268940.0000,14301.0000,,448691.0000,594.0000,166.0000,
1980-02-01,252431.0000,14187.0000,,457156.0000,292.0000,124.0000,
1980-03-01,269650.0000,13709.0000,,458611.0000,47.0000,-278.0000,
1980-04-01,260541.0000,13484.0000,,470979.0000,412.0000,-165.0000,
1980-05-01,267684.0000,13326.0000,,474611.0000,117.0000,55.0000,
1980-06-01,256619.0000,13705.0000,,472663.0000,-65.0000,1.0000,
1980-07-01,264964.0000,13264.0000,,469933.0000,-88.0000,52.0000,
1980-08-01,260841.0000,12984.0000,,478414.0000,274.0000,147.0000,
1980-09-01,258577.0000,13313.0000,,469212.0000,-307.0000,27.0000,
1980-10-01,264489.0000,12772.0000,,475148.0000,191.0000,-3.0000,
1980-11-01,254852.0000,13119.0000,,475397.0000,8.0000,266.0000,
1980-12-01,266777.0000,13648.0000,,465966.0000,-304.0000,24.0000,
1981-01-01,264736.0000,410672.0000,1322.0000,486445.0000,-50.0000,3513.0000,
1981-02-01,240914.0000,361270.0000,1527.0000,494218.0000,7773.0000,-41.0000,
1981-03-01,267003.0000,383872.0000,1778.0000,513814.0000,19596.0000,4769.0000,
1981-04-01,256708.0000,362716.0000,1761.0000,531667.0000,17853.0000,1519.0000,
1981-05-01,263541.0000,381583.0000,1833.0000,543776.0000,12109.0000,8874.0000,
1981-06-01,258859.0000,372437.0000,1761.0000,547817.0000,4041.0000,1458.0000,
1981-07-01,263498.0000,380083.0000,1814.0000,558980.0000,11163.0000,4570.0000,
1981-08-01,266069.0000,400155.0000,1817.0000,546675.0000,-397.0000,493.0000,
1981-09-01,258120.0000,375153.0000,1828.0000,555229.0000,8554.0000,-295.0000,
1981-10-01,265450.0000,373772.0000,1928.0000,578800.0000,23571.0000,5150.0000,
1981-11-01,257579.0000,367200.0000,1925.0000,588537.0000,9737.0000,8361.0000,
1981-12-01,266147.0000,382812.0000,1952.0000,593805.0000,5268.0000,1618.0000,
1982-01-01,263793.0000,359560.0000,1947.0000,606233.0000,12428.0000,3140.0000,
1982-02-01,243661.0000,314616.0000,1786.0000,613003.0000,6770.0000,4381.0000,
1982-03-01,268687.0000,349553.0000,1949.0000,609246.0000,-121.0000,64.0000,
1982-04-01,257738.0000,341765.0000,1953.0000,610353.0000,1107.0000,6928.0000,
1982-05-01,269186.0000,365972.0000,1936.0000,609458.0000,-29.0000,3437.0000,
1982-06-01,259383.0000,374814.0000,1813.0000,608271.0000,-40.0000,3984.0000,
1982-07-01,268398.0000,385825.0000,1863.0000,612835.0000,4564.0000,-20.0000,
1982-08-01,267643.0000,368008.0000,1768.0000,626462.0000,13627.0000,5847.0000,
1982-09-01,261028.0000,364374.0000,1687.0000,618559.0000,-263.0000,-210.0000,
1982-10-01,269745.0000,364221.0000,1583.0000,635561.0000,17002.0000,7724.0000,
1982-11-01,260918.0000,351706.0000,1513.0000,647513.0000,11952.0000,-124.0000,
1982-12-01,266535.0000,356941.0000,1621.0000,643557.0000,-128.0000,1090.0000,
1983-01-01,269604.0000,345442.0000,2192.0000,660448.0000,15455.0000,5279.0000,
1983-02-01,245237.0000,297722.0000,1974.0000,669398.0000,8950.0000,7343.0000,
1983-03-01,269706.0000,336634.0000,2156.0000,666833.0000,-83.0000,959.0000,
1983-04-01,263269.0000,343000.0000,2037.0000,678885.0000,12052.0000,2955.0000,
1983-05-01,267575.0000,365803.0000,1956.0000,679354.0000,469.0000,5227.0000,
1983-06-01,260014.0000,368529.0000,1924.0000,683014.0000,3660.0000,11103.0000,
1983-07-01,267717.0000,383152.0000,2015.0000,675803.0000,-233.0000,-167.0000,
1983-08-01,269053.0000,376722.0000,1995.0000,700482.0000,24679.0000,8696.0000,
1983-09-01,263530.0000,374445.0000,1991.0000,707659.0000,7177.0000,-30.0000,
1983-10-01,271890.0000,365232.0000,1967.0000,716159.0000,8500.0000,1351.0000,
1983-11-01,263111.0000,360131.0000,1929.0000,712725.0000,-114.0000,1034.0000,
1983-12-01,260293.0000,348256.0000,2063.0000,722939.0000,10214.0000,3622.0000,
1984-01-01,274902.0000,359193.0000,1989.0000,733109.0000,10170.0000,6527.0000,
1984-02-01,257357.0000,352560.0000,1884.0000,727398.0000,-197.0000,11208.0000,
1984-03-01,268829.0000,369720.0000,1918.0000,728184.0000,786.0000,3404.0000,
1984-04-01,265872.0000,356726.0000,1926.0000,742474.0000,14290.0000,9736.0000,
1984-05-01,277616.0000,379649.0000,1909.0000,763473.0000,20999.0000,9581.0000,
1984-06-01,265570.0000,367649.0000,1842.0000,766593.0000,3120.0000,7384.0000,
1984-07-01,275432.0000,372882.0000,1863.0000,771821.0000,5228.0000,-164.0000,
1984-08-01,273091.0000,382721.0000,1960.0000,764083.0000,-250.0000,9091.0000,
1984-09-01,269798.0000,368136.0000,1993.0000,756276.0000,-260.0000,-94.0000,
1984-10-01,276075.0000,371304.0000,2133.0000,779810.0000,23534.0000,9009.0000,
1984-11-01,269357.0000,363240.0000,1866.0000,786885.0000,7075.0000,1399.0000,
1984-12-01,275797.0000,364403.0000,1992.0000,795881.0000,8996.0000,8121.0000,
1985-01-01,270926.0000,354785.0000,1960.0000,793536.0000,-76.0000,3768.0000,
1985-02-01,252695.0000,318271.0000,1751.0000,781647.0000,-425.0000,2619.0000,
1985-03-01,281943.0000,352520.0000,2125.0000,791241.0000,9594.0000,1814.0000,
1985-04-01,271299.0000,354136.0000,1997.0000,806848.0000,15607.0000,5483.0000,
1985-05-01,283093.0000,374900.0000,2003.0000,828560.0000,21712.0000,7652.0000,
1985-06-01,270653.0000,368760.0000,1684.0000,820629.0000,-264.0000,3003.0000,
1985-07-01,277410.0000,385799.0000,1717.0000,810515.0000,-326.0000,5496.0000,
1985-08-01,272881.0000,373409.0000,1719.0000,805600.0000,-159.0000,8276.0000,
1985-09-01,268610.0000,357735.0000,1641.0000,806620.0000,1020.0000,2797.0000,
1985-10-01,278068.0000,378464.0000,1719.0000,803568.0000,-98.0000,2513.0000,
1985-11-01,267059.0000,372294.0000,1784.0000,812407.0000,8839.0000,4506.0000,
1985-12-01,279916.0000,389668.0000,1964.0000,814208.0000,1801.0000,5091.0000,
1986-01-01,283248.0000,383580.0000,1761.0000,826069.0000,11861.0000,11288.0000,
1986-02-01,256855.0000,333697.0000,1573.0000,827105.0000,1036.0000,883.0000,
1986-03-01,279413.0000,361208.0000,1612.0000,837792.0000,10687.0000,8044.0000,
1986-04-01,265917.0000,375371.0000,1538.0000,836572.0000,-41.0000,2092.0000,
1986-05-01,273964.0000,411643.0000,1525.0000,828517.0000,-260.0000,2448.0000,
1986-06-01,258700.0000,397836.0000,1550.0000,828441.0000,-3.0000,8768.0000,
1986-07-01,268448.0000,400428.0000,1595.0000,845198.0000,16757.0000,5854.0000,
1986-08-01,259580.0000,411891.0000,1491.0000,837687.0000,-242.0000,2889.0000,
1986-09-01,249843.0000,392907.0000,1350.0000,844184.0000,6497.0000,4829.0000,
1986-10-01,260984.0000,391713.0000,1277.0000,851406.0000,7222.0000,6924.0000,
1986-11-01,252374.0000,384925.0000,1220.0000,848555.0000,-95.0000,-136.0000,
1986-12-01,258926.0000,396097.0000,1314.0000,842789.0000,-186.0000,854.0000,
1987-01-01,262888.0000,389656.0000,1258.0000,847939.0000,5150.0000,-5.0000,
1987-02-01,234880.0000,344113.0000,1145.0000,848567.0000,628.0000,10687.0000,
1987-03-01,262398.0000,374496.0000,1202.0000,852438.0000,3871.0000,4673.0000,
1987-04-01,254945.0000,375364.0000,1229.0000,850940.0000,-50.0000,3600.0000,
1987-05-01,258426.0000,392228.0000,1310.0000,849832.0000,-36.0000,1591.0000,
1987-06-01,248356.0000,396048.0000,1087.0000,854785.0000,4953.0000,13007.0000,
1987-07-01,255782.0000,416334.0000,981.0000,853762.0000,-33.0000,999.0000,
1987-08-01,254508.0000,414778.0000,954.0000,864446.0000,10684.0000,5487.0000,
1987-09-01,246163.0000,395051.0000,832.0000,871054.0000,6608.0000,6500.0000,
1987-10-01,259272.0000,394712.0000,777.0000,891546.0000,20492.0000,-3.0000,
1987-11-01,251915.0000,389435.0000,758.0000,902184.0000,10638.0000,3439.0000,
1987-12-01,257844.0000,409568.0000,964.0000,889643.0000,-405.0000,3133.0000,
1988-01-01,255743.0000,400505.0000,1383.0000,888303.0000,-43.0000,6691.0000,
1988-02-01,242848.0000,366671.0000,1504.0000,892167.0000,3864.0000,-50.0000,
1988-03-01,259587.0000,403504.0000,1609.0000,898941.0000,6774.0000,7988.0000,
1988-04-01,248629.0000,394053.0000,1259.0000,904635.0000,5694.0000,803.0000,
1988-05-01,255089.0000,416167.0000,1042.0000,907614.0000,2979.0000,3882.0000,
1988-06-01,245102.0000,404599.0000,967.0000,908914.0000,1300.0000,6226.0000,
1988-07-01,249229.0000,422120.0000,890.0000,900834.0000,-261.0000,13383.0000,
1988-08-01,250459.0000,426325.0000,917.0000,885709.0000,-488.0000,8609.0000,
1988-09-01,236847.0000,397830.0000,1121.0000,883219.0000,-83.0000,6834.0000,
1988-10-01,248704.0000,406896.0000,1308.0000,895589.0000,12370.0000,4949.0000,
1988-11-01,240700.0000,394694.0000,1319.0000,895687.0000,98.0000,7749.0000,
1988-12-01,246189.0000,414811.0000,1378.0000,889874.0000,-188.0000,6065.0000,
1989-01-01,246056.0000,413219.0000,1463.0000,895431.0000,5557.0000,2927.0000,
1989-02-01,218076.0000,357406.0000,1344.0000,896735.0000,1304.0000,-26.0000,
1989-03-01,234822.0000,401845.0000,1380.0000,892794.0000,-127.0000,13212.0000,
1989-04-01,233147.0000,388676.0000,689.0000,907605.0000,14811.0000,2723.0000,
1989-05-01,242303.0000,415544.0000,577.0000,916017.0000,8412.0000,8681.0000,
1989-06-01,228731.0000,417153.0000,614.0000,902986.0000,-434.0000,4043.0000,
1989-07-01,230766.0000,429283.0000,575.0000,907582.0000,4596.0000,13206.0000,
1989-08-01,233878.0000,429683.0000,524.0000,916352.0000,8770.0000,6590.0000,
1989-09-01,226436.0000,413718.0000,548.0000,912019.0000,-144.0000,3640.0000,
1989-10-01,231036.0000,414165.0000,641.0000,914281.0000,2262.0000,-125.0000,
1989-11-01,226082.0000,402585.0000,744.0000,930496.0000,16215.0000,11922.0000,
1989-12-01,227439.0000,408104.0000,1021.0000,921148.0000,-302.0000,10626.0000,
1990-01-01,233931.0000,418235.0000,1241.0000,929603.0000,8455.0000,5513.0000,
1990-02-01,209923.0000,377624.0000,1000.0000,920353.0000,-330.0000,-98.0000,
1990-03-01,230434.0000,399157.0000,755.0000,953124.0000,32771.0000,16729.0000,
1990-04-01,222215.0000,391524.0000,714.0000,953890.0000,766.0000,-9.0000,
1990-05-01,227179.0000,414968.0000,937.0000,968727.0000,14837.0000,6970.0000,
1990-06-01,213175.0000,410658.0000,868.0000,970901.0000,2174.0000,10462.0000,
1990-07-01,222371.0000,440564.0000,966.0000,966139.0000,-154.0000,4645.0000,
1990-08-01,225886.0000,438400.0000,557.0000,959106.0000,-227.0000,8030.0000,
1990-09-01,216715.0000,423105.0000,412.0000,932216.0000,-896.0000,12057.0000,
1990-10-01,233799.0000,397583.0000,459.0000,935670.0000,3454.0000,11855.0000,
1990-11-01,221598.0000,388600.0000,404.0000,924744.0000,-364.0000,8057.0000,
1990-12-01,227463.0000,393961.0000,460.0000,908387.0000,-528.0000,12686.0000,
1991-01-01,232498.0000,394776.0000,707.0000,906188.0000,-71.0000,-59.0000,
1991-02-01,213836.0000,365283.0000,470.0000,912662.0000,6474.0000,9071.0000,
1991-03-01,233926.0000,398002.0000,573.0000,905253.0000,-239.0000,1326.0000,
1991-04-01,225256.0000,391250.0000,623.0000,906741.0000,1488.0000,7091.0000,
1991-05-01,229670.0000,419698.0000,460.0000,924291.0000,17550.0000,15897.0000,
1991-06-01,219610.0000,417542.0000,471.0000,915330.0000,-299.0000,1778.0000,
1991-07-01,227756.0000,424790.0000,468.0000,910602.0000,-153.0000,12480.0000,
1991-08-01,226801.0000,427808.0000,402.0000,913810.0000,3208.0000,328.0000,
1991-09-01,221029.0000,410814.0000,481.0000,909144.0000,-156.0000,14526.0000,
1991-10-01,230557.0000,399784.0000,683.0000,910739.0000,1595.0000,-59.0000,
1991-11-01,219833.0000,387855.0000,671.0000,912029.0000,1290.0000,7904.0000,
1991-12-01,226267.0000,417414.0000,706.0000,893102.0000,-611.0000,4527.0000,
1992-01-01,228178.0000,400609.0000,795.0000,909844.0000,16742.0000,8981.0000,
1992-02-01,214269.0000,362091.0000,499.0000,914810.0000,4966.0000,6644.0000,
1992-03-01,227798.0000,405587.0000,551.0000,907047.0000,-250.0000,8884.0000,
1992-04-01,218775.0000,397785.0000,318.0000,916506.0000,9459.0000,5682.0000,
1992-05-01,222227.0000,424055.0000,308.0000,912027.0000,-144.0000,13056.0000,
1992-06-01,215019.0000,421784.0000,363.0000,894593.0000,-581.0000,7774.0000,
1992-07-01,221064.0000,432533.0000,285.0000,902156.0000,7563.0000,10295.0000,
1992-08-01,214575.0000,416219.0000,263.0000,898308.0000,-124.0000,2003.0000,
1992-09-01,210904.0000,411421.0000,341.0000,893496.0000,-160.0000,11535.0000,
1992-10-01,220898.0000,421098.0000,318.0000,906237.0000,12741.0000,8987.0000,
1992-11-01,210724.0000,406416.0000,312.0000,899424.0000,-227.0000,8882.0000,
1992-12-01,220200.0000,409005.0000,365.0000,892864.0000,-212.0000,1882.0000,
1993-01-01,215791.0000,401073.0000,298.0000,902010.0000,9146.0000,3652.0000,
1993-02-01,194393.0000,360216.0000,290.0000,908143.0000,6133.0000,4539.0000,
1993-03-01,216198.0000,409192.0000,354.0000,914724.0000,6581.0000,3117.0000,
1993-04-01,206439.0000,406128.0000,269.0000,930413.0000,15689.0000,9986.0000,
1993-05-01,212255.0000,428684.0000,325.0000,934981.0000,4568.0000,13727.0000,
1993-06-01,203842.0000,423879.0000,234.0000,935029.0000,48.0000,8777.0000,
1993-07-01,207339.0000,438206.0000,278.0000,935206.0000,177.0000,7304.0000,
1993-08-01,209492.0000,429155.0000,237.0000,919558.0000,-505.0000,106.0000,
1993-09-01,201347.0000,415225.0000,241.0000,906389.0000,-439.0000,6724.0000,
1993-10-01,212003.0000,425592.0000,308.0000,916568.0000,10179.0000,3381.0000,
1993-11-01,207349.0000,410580.0000,314.0000,924101.0000,7533.0000,3189.0000,
1993-12-01,212585.0000,420711.0000,499.0000,922465.0000,-53.0000,-98.0000,
1994-01-01,211320.0000,411877.0000,307.0000,925259.0000,2794.0000,22764.0000,
1994-02-01,189569.0000,367639.0000,336.0000,922544.0000,-97.0000,2161.0000,
1994-03-01,209114.0000,402527.0000,311.0000,932601.0000,10057.0000,7510.0000,
1994-04-01,198363.0000,414272.0000,274.0000,930564.0000,-68.0000,9071.0000,
1994-05-01,207334.0000,442437.0000,289.0000,922722.0000,-253.0000,8062.0000,
1994-06-01,198318.0000,430522.0000,217.0000,919603.0000,-104.0000,11792.0000,
1994-07-01,201527.0000,444659.0000,252.0000,924200.0000,4597.0000,7013.0000,
1994-08-01,202869.0000,449225.0000,204.0000,920194.0000,-129.0000,12669.0000,
1994-09-01,198264.0000,427028.0000,261.0000,927002.0000,6808.0000,1625.0000,
1994-10-01,206398.0000,419411.0000,234.0000,934912.0000,7910.0000,4213.0000,
1994-11-01,198850.0000,419034.0000,224.0000,937960.0000,3048.0000,15492.0000,
1994-12-01,209550.0000,432480.0000,312.0000,928915.0000,-292.0000,-165.0000,
1995-01-01,207148.0000,421734.0000,230.0000,922134.0000,-219.0000,9872.0000,
1995-02-01,190245.0000,374208.0000,229.0000,920756.0000,-49.0000,2185.0000,
1995-03-01,204613.0000,417882.0000,223.0000,931158.0000,10402.0000,-101.0000,
1995-04-01,198111.0000,414516.0000,208.0000,928116.0000,-101.0000,7107.0000,
1995-05-01,205509.0000,443398.0000,207.0000,924021.0000,-132.0000,9190.0000,
1995-06-01,197359.0000,436603.0000,153.0000,919583.0000,-148.0000,177.0000,
1995-07-01,199912.0000,446493.0000,223.0000,907269.0000,-397.0000,12459.0000,
1995-08-01,199846.0000,442562.0000,183.0000,899423.0000,-253.0000,6422.0000,
1995-09-01,192484.0000,432049.0000,183.0000,897514.0000,-64.0000,-5.0000,
1995-10-01,199055.0000,421537.0000,252.0000,902735.0000,5221.0000,10183.0000,
1995-11-01,197559.0000,414996.0000,220.0000,910629.0000,7894.0000,10020.0000,
1995-12-01,202428.0000,434339.0000,195.0000,894968.0000,-505.0000,5970.0000,
1996-01-01,201354.0000,425554.0000,336.0000,894711.0000,-8.0000,634.0000,
1996-02-01,190727.0000,393363.0000,244.0000,892886.0000,-63.0000,11974.0000,
1996-03-01,203715.0000,427592.0000,204.0000,888782.0000,-132.0000,-25.0000,
1996-04-01,193317.0000,428854.0000,186.0000,889663.0000,881.0000,19937.0000,
1996-05-01,198208.0000,447597.0000,214.0000,889730.0000,67.0000,1899.0000,
1996-06-01,193746.0000,437070.0000,183.0000,898889.0000,9159.0000,17808.0000,
1996-07-01,196471.0000,445118.0000,159.0000,891317.0000,-244.0000,3752.0000,
1996-08-01,197162.0000,447146.0000,173.0000,890731.0000,-19.0000,1662.0000,
1996-09-01,194456.0000,434517.0000,183.0000,875775.0000,-499.0000,9099.0000,
1996-10-01,200907.0000,442572.0000,153.0000,881542.0000,5767.0000,13012.0000,
1996-11-01,194268.0000,426132.0000,150.0000,869110.0000,-414.0000,4429.0000,
1996-12-01,201685.0000,439750.0000,182.0000,849669.0000,-627.0000,-153.0000,
1997-01-01,198466.0000,423584.0000,140.0000,863988.0000,14319.0000,11705.0000,
1997-02-01,182400.0000,377590.0000,154.0000,860581.0000,-122.0000,-350.0000,
1997-03-01,200013.0000,435448.0000,146.0000,876687.0000,16106.0000,15537.0000,
1997-04-01,193239.0000,429084.0000,90.0000,882597.0000,5910.0000,5016.0000,
1997-05-01,200702.0000,468824.0000,131.0000,889737.0000,7140.0000,7959.0000,
1997-06-01,193252.0000,455100.0000,65.0000,883778.0000,-199.0000,-170.0000,
1997-07-01,198691.0000,464811.0000,69.0000,873145.0000,-343.0000,4215.0000,
1997-08-01,196769.0000,473400.0000,1.0000,864360.0000,-283.0000,4022.0000,
1997-09-01,194575.0000,459229.0000,1.0000,867219.0000,2859.0000,5980.0000,
1997-10-01,200482.0000,460475.0000,0.0000,879396.0000,12177.0000,145.0000,
1997-11-01,193778.0000,441165.0000,0.0000,886952.0000,7556.0000,4930.0000,
1997-12-01,202464.0000,462756.0000,0.0000,868119.0000,-608.0000,8291.0000,
1998-01-01,202756.0000,443902.0000,0.0000,880184.0000,12065.0000,1851.0000,
1998-02-01,181321.0000,392636.0000,0.0000,881231.0000,1047.0000,-264.0000,
1998-03-01,198639.0000,453810.0000,0.0000,897910.0000,16679.0000,23088.0000,
1998-04-01,194483.0000,452557.0000,0.0000,914575.0000,16665.0000,10075.0000,
1998-05-01,196754.0000,474939.0000,0.0000,914303.0000,-9.0000,3769.0000,
1998-06-01,188018.0000,464544.0000,0.0000,895705.0000,-620.0000,-135.0000,
1998-07-01,192026.0000,482179.0000,0.0000,901494.0000,5789.0000,4450.0000,
1998-08-01,192282.0000,487236.0000,0.0000,892418.0000,-293.0000,2982.0000,
1998-09-01,173676.0000,445543.0000,0.0000,873199.0000,-641.0000,-44.0000,
1998-10-01,190420.0000,433819.0000,0.0000,894173.0000,20974.0000,-52.0000,
1998-11-01,184198.0000,443174.0000,0.0000,903793.0000,9620.0000,2206.0000,
1998-12-01,187347.0000,460044.0000,0.0000,894948.0000,-285.0000,7736.0000,
1999-01-01,184864.0000,447696.0000,0.0000,904161.0000,9213.0000,15188.0000,
1999-02-01,167034.0000,400646.0000,0.0000,905571.0000,1410.0000,1264.0000,
1999-03-01,182362.0000,449433.0000,0.0000,916948.0000,11377.0000,10488.0000,
1999-04-01,176616.0000,452810.0000,0.0000,907930.0000,-301.0000,-18.0000,
1999-05-01,182122.0000,464151.0000,0.0000,913582.0000,5652.0000,8373.0000,
1999-06-01,172808.0000,448763.0000,0.0000,906519.0000,-235.0000,5926.0000,
1999-07-01,179738.0000,472359.0000,0.0000,907568.0000,1049.0000,6264.0000,
1999-08-01,179187.0000,474268.0000,0.0000,890031.0000,-566.0000,5492.0000,
1999-09-01,174113.0000,453223.0000,0.0000,878988.0000,-368.0000,13079.0000,
1999-10-01,184361.0000,452260.0000,0.0000,876338.0000,-85.0000,0.0000,
1999-11-01,178811.0000,441117.0000,0.0000,867442.0000,-297.0000,9193.0000,
1999-12-01,184716.0000,446724.0000,0.0000,851723.0000,-507.0000,-156.0000,
2000-01-01,179316.0000,427140.0000,0.0000,852375.0000,652.0000,11228.0000,
2000-02-01,169703.0000,406817.0000,0.0000,855217.0000,2842.0000,-14.0000,
2000-03-01,183464.0000,453003.0000,0.0000,866500.0000,11283.0000,12768.0000,
2000-04-01,175625.0000,451588.0000,0.0000,873246.0000,6746.0000,6187.0000,
2000-05-01,181242.0000,480307.0000,0.0000,864125.0000,-294.0000,9385.0000,
2000-06-01,174686.0000,469289.0000,0.0000,859516.0000,-154.0000,4276.0000,
2000-07-01,177920.0000,490385.0000,0.0000,852541.0000,-225.0000,14610.0000,
2000-08-01,179451.0000,484853.0000,0.0000,858652.0000,6111.0000,3946.0000,
2000-09-01,172731.0000,462221.0000,0.0000,848239.0000,-347.0000,-159.0000,
2000-10-01,180080.0000,465889.0000,0.0000,842376.0000,-189.0000,2167.0000,
2000-11-01,174980.0000,450697.0000,0.0000,833947.0000,-281.0000,-1.0000,
2000-12-01,181508.0000,472206.0000,0.0000,826185.0000,-250.0000,-86.0000,
2001-01-01,179767.0000,458473.0000,0.0000,836002.0000,9817.0000,12157.0000,
2001-02-01,161843.0000,414776.0000,0.0000,824144.0000,-424.0000,703.0000,
2001-03-01,182290.0000,454117.0000,0.0000,850834.0000,26690.0000,1981.0000,
2001-04-01,175879.0000,466086.0000,0.0000,872927.0000,22093.0000,9125.0000,
2001-05-01,180712.0000,488650.0000,0.0000,871634.0000,-42.0000,2175.0000,
2001-06-01,172974.0000,469487.0000,0.0000,851519.0000,-671.0000,3690.0000,
2001-07-01,178208.0000,476430.0000,0.0000,856617.0000,5098.0000,7527.0000,
2001-08-01,177488.0000,473019.0000,0.0000,851669.0000,-160.0000,587.0000,
2001-09-01,171270.0000,450162.0000,0.0000,854047.0000,2378.0000,1326.0000,
2001-10-01,178129.0000,465065.0000,0.0000,858443.0000,4396.0000,6152.0000,
2001-11-01,176441.0000,450041.0000,0.0000,859515.0000,1072.0000,-155.0000,
2001-12-01,182511.0000,455331.0000,0.0000,862221.0000,2706.0000,1886.0000,
2002-01-01,182076.0000,449093.0000,0.0000,874899.0000,12678.0000,10069.0000,
2002-02-01,164666.0000,400571.0000,0.0000,887308.0000,12409.0000,3344.0000,
2002-03-01,182460.0000,450298.0000,0.0000,894990.0000,7682.0000,2992.0000,
2002-04-01,175333.0000,459755.0000,0.0000,891391.0000,-120.0000,2027.0000,
2002-05-01,183057.0000,474320.0000,0.0000,898286.0000,6895.0000,9356.0000,
2002-06-01,176532.0000,461916.0000,0.0000,894005.0000,-143.0000,1546.0000,
2002-07-01,178275.0000,478324.0000,0.0000,882788.0000,-362.0000,5140.0000,
2002-08-01,179670.0000,475464.0000,0.0000,878478.0000,-139.0000,-133.0000,
2002-09-01,162336.0000,445830.0000,0.0000,857873.0000,-687.0000,-27.0000,
2002-10-01,166105.0000,443391.0000,0.0000,881093.0000,23220.0000,5148.0000,
2002-11-01,168706.0000,454656.0000,0.0000,883966.0000,2873.0000,-17.0000,
2002-12-01,177372.0000,461912.0000,0.0000,876705.0000,-234.0000,6358.0000,
2003-01-01,178412.0000,444467.0000,0.0000,873292.0000,-110.0000,-150.0000,
2003-02-01,161920.0000,402661.0000,0.0000,870333.0000,-106.0000,644.0000,
2003-03-01,179907.0000,462914.0000,0.0000,880834.0000,10501.0000,7810.0000,
2003-04-01,171774.0000,467250.0000,0.0000,890960.0000,10126.0000,8126.0000,
2003-05-01,175568.0000,493225.0000,0.0000,888639.0000,-75.0000,1041.0000,
2003-06-01,169772.0000,468610.0000,0.0000,893135.0000,4496.0000,3546.0000,
2003-07-01,170452.0000,481937.0000,0.0000,897329.0000,4194.0000,4832.0000,
2003-08-01,172787.0000,486486.0000,0.0000,897795.0000,466.0000,3574.0000,
2003-09-01,168270.0000,463384.0000,0.0000,911019.0000,13224.0000,-6.0000,
2003-10-01,174020.0000,475602.0000,0.0000,925515.0000,14496.0000,4561.0000,
2003-11-01,166397.0000,463655.0000,0.0000,914825.0000,-356.0000,6676.0000,
2003-12-01,172715.0000,475684.0000,0.0000,907263.0000,-244.0000,-152.0000,
2004-01-01,173132.0000,458248.0000,0.0000,912762.0000,5499.0000,1043.0000,
2004-02-01,161583.0000,426484.0000,0.0000,931178.0000,18416.0000,13352.0000,
2004-03-01,174115.0000,458390.0000,0.0000,949487.0000,18309.0000,-309.0000,
2004-04-01,166810.0000,466244.0000,0.0000,961512.0000,12025.0000,9656.0000,
2004-05-01,172235.0000,495763.0000,0.0000,965847.0000,4335.0000,4660.0000,
2004-06-01,162208.0000,487189.0000,0.0000,967223.0000,1376.0000,11717.0000,
2004-07-01,170011.0000,500408.0000,0.0000,960090.0000,-230.0000,4560.0000,
2004-08-01,165072.0000,500410.0000,0.0000,947645.0000,-401.0000,-31.0000,
2004-09-01,152444.0000,449398.0000,0.0000,943221.0000,-147.0000,2647.0000,
2004-10-01,160270.0000,463162.0000,0.0000,956988.0000,13767.0000,-122.0000,
2004-11-01,162699.0000,469925.0000,0.0000,961002.0000,4014.0000,5339.0000,
2004-12-01,170815.0000,488240.0000,0.0000,961341.0000,339.0000,5577.0000,
2005-01-01,168831.0000,472881.0000,0.0000,949984.0000,5038.0000,426.0000,
2005-02-01,154038.0000,423976.0000,0.0000,968023.0000,18039.0000,2394.0000,
2005-03-01,173626.0000,471641.0000,0.0000,991656.0000,23633.0000,5262.0000,
2005-04-01,166885.0000,464806.0000,0.0000,1013597.0000,21941.0000,14473.0000,
2005-05-01,173491.0000,493063.0000,0.0000,1013967.0000,370.0000,-57.0000,
2005-06-01,163263.0000,492043.0000,0.0000,1008280.0000,-190.0000,780.0000,
2005-07-01,162854.0000,491357.0000,0.0000,1001211.0000,-228.0000,795.0000,
2005-08-01,161153.0000,485586.0000,0.0000,994300.0000,-223.0000,-144.0000,
2005-09-01,126417.0000,419573.0000,0.0000,983986.0000,-344.0000,8919.0000,
2005-10-01,141200.0000,423029.0000,0.0000,991273.0000,7287.0000,-100.0000,
2005-11-01,145708.0000,450966.0000,0.0000,991953.0000,680.0000,-16.0000,
2005-12-01,154630.0000,466411.0000,0.0000,992195.0000,242.0000,2895.0000,
2006-01-01,156480.0000,458953.0000,0.0000,990662.0000,-49.0000,-31.0000,
2006-02-01,140894.0000,408255.0000,0.0000,1011152.0000,20490.0000,8736.0000,
2006-03-01,155842.0000,452037.0000,0.0000,1012471.0000,1319.0000,-123.0000,
2006-04-01,152450.0000,447831.0000,0.0000,1019145.0000,6674.0000,7075.0000,
2006-05-01,159667.0000,481004.0000,0.0000,1012886.0000,-202.0000,-113.0000,
2006-06-01,154884.0000,475292.0000,0.0000,1008370.0000,-151.0000,-150.0000,
2006-07-01,157919.0000,486771.0000,0.0000,1003232.0000,-166.0000,7014.0000,
2006-08-01,156232.0000,489566.0000,0.0000,1004462.0000,1230.0000,7561.0000,
2006-09-01,150926.0000,472171.0000,0.0000,1004436.0000,-1.0000,552.0000,
2006-10-01,158353.0000,465246.0000,0.0000,1011522.0000,7086.0000,1859.0000,
2006-11-01,151926.0000,450262.0000,0.0000,1006789.0000,-158.0000,-77.0000,
2006-12-01,160768.0000,475966.0000,0.0000,984424.0000,-721.0000,-82.0000,
2007-01-01,158342.0000,464739.0000,0.0000,995938.0000,11514.0000,1667.0000,
2007-02-01,143301.0000,404184.0000,0.0000,988891.0000,-252.0000,2301.0000,
2007-03-01,158697.0000,460039.0000,0.0000,1002143.0000,13252.0000,-198.0000,
2007-04-01,155407.0000,451360.0000,0.0000,1014183.0000,12040.0000,3751.0000,
2007-05-01,161548.0000,476790.0000,0.0000,1026358.0000,12175.0000,8366.0000,
2007-06-01,152254.0000,457432.0000,0.0000,1027223.0000,865.0000,7171.0000,
2007-07-01,156175.0000,485807.0000,0.0000,1009750.0000,-564.0000,4861.0000,
2007-08-01,154060.0000,486242.0000,0.0000,993907.0000,-511.0000,-70.0000,
2007-09-01,147061.0000,456777.0000,0.0000,986844.0000,-235.0000,-184.0000,
2007-10-01,155680.0000,462926.0000,0.0000,984162.0000,-87.0000,1584.0000,
2007-11-01,151021.0000,454535.0000,0.0000,977683.0000,-216.0000,-83.0000,
2007-12-01,158427.0000,471266.0000,0.0000,965334.0000,-398.0000,-121.0000,
2008-01-01,158566.0000,458931.0000,0.0000,977076.0000,11742.0000,-2.0000,
2008-02-01,149297.0000,424130.0000,0.0000,983449.0000,6373.0000,2345.0000,
2008-03-01,160868.0000,445289.0000,0.0000,997590.0000,14141.0000,760.0000,
2008-04-01,155403.0000,443966.0000,0.0000,1003707.0000,6117.0000,-142.0000,
2008-05-01,159437.0000,473155.0000,0.0000,990403.0000,-429.0000,1411.0000,
2008-06-01,154133.0000,462522.0000,0.0000,984209.0000,-206.0000,2326.0000,
2008-07-01,160481.0000,472919.0000,0.0000,985063.0000,854.0000,95.0000,
2008-08-01,155092.0000,463366.0000,0.0000,992226.0000,7163.0000,-109.0000,
2008-09-01,119208.0000,382781.0000,0.0000,988897.0000,-111.0000,8021.0000,
2008-10-01,146868.0000,451125.0000,0.0000,996991.0000,8094.0000,991.0000,
2008-11-01,152343.0000,438184.0000,0.0000,1005839.0000,8848.0000,-90.0000,
2008-12-01,158183.0000,444919.0000,0.0000,1010068.0000,4229.0000,383.0000,
2009-01-01,159467.0000,438531.0000,0.0000,1036940.0000,26872.0000,3921.0000,
2009-02-01,146698.0000,395745.0000,0.0000,1044826.0000,7886.0000,3704.0000,
2009-03-01,161776.0000,437672.0000,0.0000,1061228.0000,16402.0000,2513.0000,
2009-04-01,158344.0000,431469.0000,0.0000,1070957.0000,9729.0000,2435.0000,
2009-05-01,166684.0000,448961.0000,0.0000,1062804.0000,-263.0000,3042.0000,
2009-06-01,158079.0000,445507.0000,0.0000,1052755.0000,-335.0000,5023.0000,
2009-07-01,167336.0000,453727.0000,0.0000,1051308.0000,-47.0000,4003.0000,
2009-08-01,167945.0000,452372.0000,0.0000,1041638.0000,-312.0000,2614.0000,
2009-09-01,166765.0000,441304.0000,0.0000,1042160.0000,522.0000,-43.0000,
2009-10-01,171258.0000,436954.0000,0.0000,1039490.0000,-86.0000,-9.0000,
2009-11-01,161838.0000,416928.0000,0.0000,1044975.0000,5485.0000,-9.0000,
2009-12-01,169004.0000,433486.0000,0.0000,1033756.0000,-362.0000,2026.0000,
2010-01-01,167529.0000,423661.0000,0.0000,1042716.0000,8960.0000,2852.0000,
2010-02-01,155496.0000,390593.0000,0.0000,1048983.0000,6267.0000,-83.0000,
2010-03-01,170976.0000,443724.0000,0.0000,1065046.0000,16063.0000,624.0000,
2010-04-01,161769.0000,453925.0000,0.0000,1069234.0000,4188.0000,5673.0000,
2010-05-01,167427.0000,471668.0000,0.0000,1067876.0000,-44.0000,4701.0000,
2010-06-01,161385.0000,461454.0000,0.0000,1071579.0000,3703.0000,6895.0000,
2010-07-01,164234.0000,481087.0000,0.0000,1063603.0000,-257.0000,3123.0000,
2010-08-01,168867.0000,468408.0000,0.0000,1065300.0000,1697.0000,6513.0000,
2010-09-01,168473.0000,442204.0000,0.0000,1068831.0000,3531.0000,2238.0000,
2010-10-01,174547.0000,434001.0000,0.0000,1073380.0000,4549.0000,5.0000,
2010-11-01,167272.0000,439110.0000,0.0000,1057989.0000,-513.0000,-119.0000,
2010-12-01,173831.0000,464259.0000,0.0000,1038627.0000,-625.0000,2762.0000,
2011-01-01,170393.0000,447107.0000,0.0000,1050002.0000,11375.0000,5638.0000,
2011-02-01,151354.0000,382929.0000,0.0000,1053356.0000,3354.0000,6635.0000,
2011-03-01,174158.0000,447988.0000,0.0000,1064963.0000,11607.0000,1886.0000,
2011-04-01,166858.0000,426917.0000,0.0000,1070955.0000,5992.0000,2112.0000,
2011-05-01,174363.0000,456252.0000,0.0000,1072614.0000,1659.0000,3855.0000,
2011-06-01,167673.0000,458825.0000,0.0000,1060230.0000,-413.0000,2785.0000,
2011-07-01,168635.0000,483271.0000,0.0000,1042507.0000,-572.0000,11613.0000,
2011-08-01,175618.0000,482239.0000,0.0000,1021273.0000,-685.0000,9428.0000,
2011-09-01,168411.0000,458248.0000,0.0000,1004196.0000,-569.0000,6414.0000,
2011-10-01,182977.0000,451659.0000,0.0000,1010873.0000,6677.0000,801.0000,
2011-11-01,181157.0000,448802.0000,0.0000,1010553.0000,-11.0000,7525.0000,
2011-12-01,189487.0000,460110.0000,0.0000,1004172.0000,-206.0000,-134.0000,
2012-01-01,191472.0000,445596.0000,0.0000,1013833.0000,9661.0000,1862.0000,
2012-02-01,181783.0000,423846.0000,0.0000,1018830.0000,4997.0000,890.0000,
2012-03-01,196138.0000,448765.0000,0.0000,1043559.0000,24729.0000,7664.0000,
2012-04-01,189601.0000,438283.0000,0.0000,1052996.0000,9437.0000,271.0000,
2012-05-01,197456.0000,467997.0000,0.0000,1059710.0000,6714.0000,1107.0000,
2012-06-01,188262.0000,469096.0000,0.0000,1058104.0000,-54.0000,4819.0000,
2012-07-01,199368.0000,485624.0000,0.0000,1042627.0000,-499.0000,3105.0000,
2012-08-01,196867.0000,475062.0000,0.0000,1032341.0000,-332.0000,1175.0000,
2012-09-01,197942.0000,447304.0000,0.0000,1038294.0000,5953.0000,5923.0000,
2012-10-01,216057.0000,460147.0000,0.0000,1044483.0000,6189.0000,1020.0000,
2012-11-01,212472.0000,452559.0000,0.0000,1047363.0000,2880.0000,-11.0000,
2012-12-01,220282.0000,475237.0000,0.0000,1033064.0000,-461.0000,7129.0000,
2013-01-01,219570.0000,451584.0000,0.0000,1045099.0000,12035.0000,805.0000,
2013-02-01,200071.0000,398450.0000,0.0000,1052768.0000,7669.0000,5563.0000,
2013-03-01,223644.0000,455781.0000,0.0000,1060590.0000,7822.0000,10871.0000,
2013-04-01,221205.0000,445933.0000,0.0000,1063524.0000,2934.0000,-33.0000,
2013-05-01,227101.0000,474450.0000,0.0000,1059273.0000,-137.0000,7161.0000,
2013-06-01,218314.0000,474991.0000,0.0000,1044776.0000,-483.0000,13973.0000,
2013-07-01,233174.0000,497292.0000,0.0000,1035360.0000,-304.0000,8130.0000,
2013-08-01,233562.0000,489589.0000,0.0000,1033096.0000,-73.0000,4876.0000,
2013-09-01,235142.0000,469074.0000,0.0000,1039985.0000,6889.0000,6283.0000,
2013-10-01,240567.0000,464725.0000,0.0000,1048566.0000,8581.0000,4595.0000,
2013-11-01,237565.0000,468989.0000,0.0000,1040141.0000,-281.0000,8330.0000,
2013-12-01,245904.0000,498148.0000,0.0000,1023160.0000,-548.0000,1178.0000,
2014-01-01,250240.0000,474643.0000,0.0000,1032207.0000,9047.0000,5879.0000,
2014-02-01,228166.0000,423572.0000,0.0000,1041243.0000,9036.0000,9777.0000,
2014-03-01,257019.0000,468588.0000,0.0000,1050916.0000,9673.0000,3549.0000,
2014-04-01,255597.0000,475924.0000,0.0000,1058654.0000,7738.0000,9874.0000,
2014-05-01,267731.0000,494312.0000,0.0000,1056432.0000,-72.0000,11749.0000,
2014-06-01,262026.0000,474519.0000,0.0000,1045277.0000,-372.0000,1147.0000,
2014-07-01,273952.0000,512568.0000,0.0000,1029709.0000,-502.0000,-14.0000,
2014-08-01,276513.0000,510271.0000,0.0000,1022048.0000,-247.0000,6584.0000,
2014-09-01,272111.0000,482205.0000,0.0000,1023124.0000,1076.0000,-107.0000,
2014-10-01,286760.0000,476192.0000,0.0000,1042683.0000,19559.0000,-31.0000,
2014-11-01,279200.0000,481303.0000,0.0000,1047692.0000,5009.0000,3886.0000,
2014-12-01,295914.0000,510540.0000,0.0000,1051824.0000,4132.0000,7833.0000,
2015-01-01,290697.0000,479140.0000,0.0000,1080169.0000,28345.0000,9816.0000,
2015-02-01,265570.0000,429564.0000,0.0000,1106266.0000,26097.0000,3664.0000,
2015-03-01,296966.0000,484840.0000,0.0000,1134150.0000,27884.0000,-195.0000,
2015-04-01,289565.0000,488184.0000,0.0000,1143660.0000,9510.0000,9869.0000,
2015-05-01,293440.0000,508450.0000,0.0000,1141306.0000,-76.0000,4390.0000,
2015-06-01,280507.0000,501034.0000,0.0000,1132701.0000,-287.0000,5659.0000,
2015-07-01,292509.0000,523238.0000,0.0000,1119943.0000,-412.0000,6745.0000,
2015-08-01,291406.0000,517707.0000,0.0000,1120983.0000,1040.0000,2414.0000,
2015-09-01,284127.0000,485028.0000,0.0000,1124257.0000,3274.0000,-12.0000,
2015-10-01,291219.0000,478636.0000,0.0000,1150339.0000,26082.0000,8831.0000,
2015-11-01,279838.0000,493741.0000,0.0000,1151117.0000,778.0000,3143.0000,
2015-12-01,287375.0000,518988.0000,0.0000,1144339.0000,-219.0000,-257.0000,
2016-01-01,285472.0000,494490.0000,0.0000,1166883.0000,22544.0000,10673.0000,
2016-02-01,262942.0000,459442.0000,0.0000,1187267.0000,20384.0000,554.0000,
2016-03-01,282371.0000,498556.0000,0.0000,1199923.0000,12656.0000,-35.0000,
2016-04-01,266390.0000,477608.0000,0.0000,1204430.0000,4507.0000,6094.0000,
2016-05-01,274012.0000,503341.0000,0.0000,1206965.0000,2535.0000,10529.0000,
2016-06-01,260383.0000,492978.0000,0.0000,1195957.0000,-367.0000,10700.0000,
2016-07-01,268728.0000,515257.0000,0.0000,1188554.0000,-239.0000,4752.0000,
2016-08-01,269530.0000,514394.0000,0.0000,1181768.0000,-219.0000,11927.0000,
2016-09-01,256412.0000,490195.0000,0.0000,1166627.0000,-505.0000,669.0000,
2016-10-01,273066.0000,479085.0000,0.0000,1186290.0000,19663.0000,6568.0000,
2016-11-01,267228.0000,487057.0000,0.0000,1185818.0000,-16.0000,-105.0000,
2016-12-01,273413.0000,511992.0000,0.0000,1179704.0000,-197.0000,4648.0000,
2017-01-01,275124.0000,499665.0000,0.0000,1201876.0000,22172.0000,5948.0000,
2017-02-01,254715.0000,433807.0000,0.0000,1220244.0000,18368.0000,8994.0000,
2017-03-01,284195.0000,497486.0000,0.0000,1230105.0000,9861.0000,-36.0000,
2017-04-01,273158.0000,508633.0000,0.0000,1213073.0000,-568.0000,6145.0000,
2017-05-01,284854.0000,533894.0000,0.0000,1201286.0000,-380.0000,8196.0000,
2017-06-01,273403.0000,516122.0000,0.0000,1180731.0000,-685.0000,5439.0000,
2017-07-01,287049.0000,536841.0000,0.0000,1162294.0000,-595.0000,15628.0000,
2017-08-01,287116.0000,526396.0000,0.0000,1138781.0000,-758.0000,-145.0000,
2017-09-01,285404.0000,463806.0000,0.0000,1143228.0000,4447.0000,7041.0000,
2017-10-01,299677.0000,497897.0000,0.0000,1128682.0000,-469.0000,-36.0000,
2017-11-01,302584.0000,505188.0000,0.0000,1114332.0000,-478.0000,4348.0000,
2017-12-01,309584.0000,535506.0000,0.0000,1084477.0000,-963.0000,2005.0000,
2018-01-01,309990.0000,514575.0000,0.0000,1084994.0000,517.0000,-40.0000,
2018-02-01,287375.0000,446215.0000,0.0000,1089301.0000,4307.0000,1794.0000,
2018-03-01,324479.0000,516619.0000,0.0000,1090395.0000,1094.0000,18068.0000,
2018-04-01,314798.0000,502986.0000,0.0000,1100544.0000,10149.0000,8311.0000,
2018-05-01,323381.0000,526031.0000,0.0000,1094364.0000,-199.0000,17692.0000,
2018-06-01,319236.0000,529970.0000,0.0000,1075167.0000,-640.0000,5279.0000,
2018-07-01,337984.0000,538067.0000,0.0000,1069654.0000,-178.0000,20065.0000,
2018-08-01,353277.0000,546310.0000,0.0000,1067594.0000,-66.0000,937.0000,
2018-09-01,343308.0000,509726.0000,0.0000,1076693.0000,9099.0000,8175.0000,
2018-10-01,356755.0000,508779.0000,0.0000,1088648.0000,11955.0000,5955.0000,
2018-11-01,356757.0000,514863.0000,0.0000,1098946.0000,10298.0000,14165.0000,
2018-12-01,370487.0000,539691.0000,0.0000,1091640.0000,-236.0000,16005.0000,
2019-01-01,368063.0000,520272.0000,0.0000,1098111.0000,6471.0000,6305.0000,
2019-02-01,326292.0000,443681.0000,0.0000,1100786.0000,2675.0000,14923.0000,
2019-03-01,369262.0000,493975.0000,0.0000,1108016.0000,7230.0000,4531.0000,
2019-04-01,364329.0000,490236.0000,0.0000,1118390.0000,10374.0000,13644.0000,
2019-05-01,376676.0000,518303.0000,0.0000,1125943.0000,7553.0000,19134.0000,
2019-06-01,366658.0000,517074.0000,0.0000,1108264.0000,-589.0000,11169.0000,
2019-07-01,369109.0000,532431.0000,0.0000,1086406.0000,-705.0000,10265.0000,
2019-08-01,387123.0000,536202.0000,0.0000,1074936.0000,-370.0000,7743.0000,
2019-09-01,377870.0000,492093.0000,0.0000,1070432.0000,-150.0000,8014.0000,
2019-10-01,397088.0000,486107.0000,0.0000,1084520.0000,14088.0000,15385.0000,
2019-11-01,389953.0000,494453.0000,0.0000,1080854.0000,-122.0000,18711.0000,
2019-12-01,402464.0000,520569.0000,0.0000,1067739.0000,-423.0000,2800.0000,
2020-01-01,398830.0000,503084.0000,0.0000,1075220.0000,7481.0000,18019.0000,
2020-02-01,373044.0000,460097.0000,0.0000,1087530.0000,12310.0000,12881.0000,
2020-03-01,396947.0000,472144.0000,0.0000,1118308.0000,30778.0000,23179.0000,
2020-04-01,357550.0000,383170.0000,0.0000,1166861.0000,48553.0000,-164.0000,
2020-05-01,301409.0000,402009.0000,0.0000,1169919.0000,3058.0000,13458.0000,
2020-06-01,313496.0000,412031.0000,0.0000,1188680.0000,18761.0000,7928.0000,
2020-07-01,341432.0000,444341.0000,0.0000,1176264.0000,-401.0000,11038.0000,
2020-08-01,328603.0000,438703.0000,0.0000,1151929.0000,-785.0000,23502.0000,
2020-09-01,328889.0000,407185.0000,0.0000,1139910.0000,-401.0000,2289.0000,
2020-10-01,325240.0000,416787.0000,0.0000,1132478.0000,-240.0000,11131.0000,
2020-11-01,336740.0000,423711.0000,0.0000,1138837.0000,6359.0000,9807.0000,
2020-12-01,346834.0000,438334.0000,0.0000,1123557.0000,-493.0000,3176.0000,
2021-01-01,345823.0000,450797.0000,0.0000,1114354.0000,-297.0000,14732.0000,
2021-02-01,278056.0000,346386.0000,0.0000,1131649.0000,17295.0000,963.0000,
2021-03-01,352649.0000,446001.0000,0.0000,1140238.0000,8589.0000,8594.0000,
2021-04-01,340660.0000,454865.0000,0.0000,1122586.0000,-588.0000,17225.0000,
2021-05-01,354175.0000,483466.0000,0.0000,1104565.0000,-581.0000,18479.0000,
2021-06-01,342028.0000,485707.0000,0.0000,1069412.0000,-1172.0000,12725.0000,
2021-07-01,354035.0000,491407.0000,0.0000,1060047.0000,-302.0000,13494.0000,
2021-08-01,350857.0000,487506.0000,0.0000,1042827.0000,-555.0000,18861.0000,
2021-09-01,328821.0000,456950.0000,0.0000,1038111.0000,-157.0000,3664.0000,
2021-10-01,360845.0000,466406.0000,0.0000,1047226.0000,9115.0000,15718.0000,
2021-11-01,356127.0000,470519.0000,0.0000,1034854.0000,-412.0000,6106.0000,
2021-12-01,364547.0000,488464.0000,0.0000,1014866.0000,-645.0000,10440.0000,
2022-01-01,354968.0000,479498.0000,0.0000,1002031.0000,-414.0000,9302.0000,8046.0000
2022-02-01,321023.0000,431124.0000,0.0000,987398.0000,-523.0000,-40.0000,14940.0000
2022-03-01,368540.0000,491251.0000,0.0000,980268.0000,-230.0000,2100.0000,13632.0000
2022-04-01,354887.0000,469449.0000,0.0000,965248.0000,-501.0000,10321.0000,12575.0000
2022-05-01,364486.0000,503402.0000,0.0000,938174.0000,-873.0000,13236.0000,10007.0000
2022-06-01,357572.0000,497130.0000,0.0000,911123.0000,-902.0000,11064.0000,10858.0000
2022-07-01,372277.0000,507098.0000,0.0000,892081.0000,-614.0000,12897.0000,12458.0000
2022-08-01,376168.0000,509258.0000,0.0000,864842.0000,-879.0000,6286.0000,13736.0000
2022-09-01,372876.0000,484236.0000,0.0000,845393.0000,-648.0000,2431.0000,12879.0000
2022-10-01,385700.0000,489050.0000,0.0000,838247.0000,-231.0000,8589.0000,18257.0000
2022-11-01,374794.0000,493514.0000,0.0000,805040.0000,-1107.0000,6753.0000,14341.0000
2022-12-01,378247.0000,476685.0000,0.0000,802132.0000,-94.0000,14878.0000,11586.0000
2023-01-01,391843.0000,467683.0000,0.0000,830738.0000,28606.0000,130.0000,14690.0000
2023-02-01,353386.0000,423517.0000,0.0000,843948.0000,13210.0000,3489.0000,9357.0000
2023-03-01,398882.0000,480888.0000,0.0000,836394.0000,-244.0000,1969.0000,13874.0000
2023-04-01,382025.0000,475195.0000,0.0000,823350.0000,-435.0000,1817.0000,15808.0000
2023-05-01,394700.0000,502666.0000,0.0000,815009.0000,-269.0000,8031.0000,10419.0000
2023-06-01,383611.0000,492184.0000,0.0000,801873.0000,-438.0000,780.0000,16529.0000
2023-07-01,400286.0000,515467.0000,0.0000,787401.0000,-467.0000,9253.0000,17591.0000
2023-08-01,402974.0000,517374.0000,0.0000,767631.0000,-638.0000,-204.0000,20895.0000
2023-09-01,395338.0000,487179.0000,0.0000,769139.0000,1508.0000,-125.0000,20710.0000
2023-10-01,409614.0000,476064.0000,0.0000,777267.0000,8128.0000,-265.0000,20720.0000
2023-11-01,399470.0000,478115.0000,0.0000,793749.0000,16482.0000,-378.0000,16540.0000
2023-12-01,412206.0000,511557.0000,0.0000,781175.0000,-406.0000,16339.0000,14636.0000
2024-01-01,388037.0000,477240.0000,0.0000,786168.0000,4993.0000,-189.0000,15617.0000
2024-02-01,380738.0000,431574.0000,0.0000,809295.0000,23127.0000,1856.0000,15763.0000
2024-03-01,408900.0000,491803.0000,0.0000,811688.0000,2393.0000,12298.0000,15739.0000
2024-04-01,399415.0000,476453.0000,0.0000,831517.0000,19829.0000,533.0000,18272.0000
2024-05-01,410938.0000,518274.0000,0.0000,825193.0000,-204.0000,-133.0000,17510.0000
2024-06-01,397550.0000,504469.0000,0.0000,813554.0000,-388.0000,-30.0000,20453.0000
2024-07-01,409579.0000,513977.0000,0.0000,803105.0000,-337.0000,-340.0000,16020.0000
2024-08-01,415726.0000,522444.0000,0.0000,797317.0000,-187.0000,8383.0000,19980.0000
2024-09-01,395118.0000,486075.0000,0.0000,798081.0000,764.0000,-319.0000,21508.0000
2024-10-01,419427.0000,499623.0000,0.0000,810983.0000,12902.0000,-140.0000,20312.0000
2024-11-01,401875.0000,496611.0000,0.0000,813025.0000,2042.0000,7449.0000,20661.0000
2024-12-01,416555.0000,519936.0000,0.0000,806948.0000,-196.0000,-379.0000,22092.0000
2025-01-01,407352.0000,487847.0000,0.0000,813846.0000,6544.0000,-471.0000,17381.0000
2025-02-01,370707.0000,430007.0000,0.0000,825099.0000,11253.0000,1717.0000,19812.0000
2025-03-01,417042.0000,490719.0000,0.0000,828398.0000,3299.0000,799.0000,23087.0000
2025-04-01,403968.0000,482718.0000,0.0000,834186.0000,5788.0000,1222.0000,18815.0000
2025-05-01,416844.0000,518431.0000,0.0000,832586.0000,-52.0000,-22.0000,19134.0000
2025-06-01,408315.0000,512858.0000,0.0000,816909.0000,-523.0000,4946.0000,11854.0000
2025-07-01,424926.0000,526987.0000,0.0000,823162.0000,6253.0000,3609.0000,17642.0000
2025-08-01,428114.0000,525210.0000,0.0000,822235.0000,-30.0000,4282.0000,21881.0000
2025-09-01,414845.0000,493933.0000,0.0000,814836.0000,-247.0000,-514.0000,25207.0000
2025-10-01,429777.0000,481299.0000,0.0000,830588.0000,15752.0000,-205.0000,27577.0000
2025-11-01,413677.0000,498828.0000,0.0000,832486.0000,1898.0000,10297.0000,19981.0000
2025-12-01,423356.0000,526549.0000,0.0000,824701.0000,-251.0000,4413.0000,20813.0000
2026-01-01,412456.0000,506378.0000,0.0000,821356.0000,-108.0000,-348.0000,22411.0000
2026-02-01,383507.0000,445433.0000,0.0000,850349.0000,28993.0000,14206.0000,17574.0000
2026-03-01,424566.0000,508285.0000,0.0000,868249.0000,17900.0000,8009.0000,16328.0000
